aad,FUNCTION,aadInstr,Function description,aaxInstr,BYTE,0x0D5,,
aam,FUNCTION,aamInstr,Function description,aaxInstr,BYTE,0x0D4,,
align,FUNCTION,AlignDirective,Function description,AlignDirec,,,,
even,FUNCTION,AlignDirective,Function description,AlignDirec,,,,
arpl,FUNCTION,arplInstr,Function description,ArplPInstr,BYTE,0x63,,
fadd,FUNCTION,faddInstr,Function description,BasicFPU,BYTE,0x0D8 0 0x0DC 0 0 0 0x0D8 0x0C0 0x0DC 0x0C0,,
fdiv,FUNCTION,fdivInstr,Function description,BasicFPU,BYTE,0x0D8 48 0x0DC 48 0 0 0x0D8 0x0F0 0x0DC 0x0F8,,
fdivr,FUNCTION,fdivrInstr,Function description,BasicFPU,BYTE,0x0D8 56 0x0DC 56 0 0 0x0D8 0x0F8 0x0DC 0x0F0,,
fmul,FUNCTION,fmulInstr,Function description,BasicFPU,BYTE,0x0D8 8 0x0DC 8 0 0 0x0D8 0x0C8 0x0DC 0x0C8,,
fsub,FUNCTION,fsubInstr,Function description,BasicFPU,BYTE,0x0D8 32 0x0DC 32 0 0 0x0D8 0x0E0 0x0DC 0x0E8,,
fsubr,FUNCTION,fsubrInstr,Function description,BasicFPU,BYTE,0x0D8 40 0x0DC 40 0 0 0x0D8 0x0E8 0x0DC 0x0E0,,
faddp,FUNCTION,faddpInstr,Function description,BasicFPU2,BYTE,0x0DE 0x0C0,,
fdivp,FUNCTION,fdivpInstr,Function description,BasicFPU2,BYTE,0x0DE 0x0F8,,
fdivrp,FUNCTION,fdivrpInstr,Function description,BasicFPU2,BYTE,0x0DE 0x0F0,,
fmulp,FUNCTION,fmulpInstr,Function description,BasicFPU2,BYTE,0x0DE 0x0C8,,
fsubp,FUNCTION,fsubpInstr,Function description,BasicFPU2,BYTE,0x0DE 0x0E8,,
fsubrp,FUNCTION,fsubrpInstr,Function description,BasicFPU2,BYTE,0x0DE 0x0E0,,
adc,FUNCTION,adcInstr,Function description,BasicInstr,BYTE,16,,
add,FUNCTION,addInstr,Function description,BasicInstr,BYTE,0,,
and,FUNCTION,andInstr,Function description,BasicInstr,BYTE,32,,
cmp,FUNCTION,cmpInstr,Function description,BasicInstr,BYTE,56,,
or,FUNCTION,orInstr,Function description,BasicInstr,BYTE,8,,
sbb,FUNCTION,sbbInstr,Function description,BasicInstr,BYTE,24,,
sub,FUNCTION,subInstr,Function description,BasicInstr,BYTE,40,,
xor,FUNCTION,xorInstr,Function description,BasicInstr,BYTE,48,,
packuswb,FUNCTION,packuswbInstr,SSE/AVX Instruction,BasicMMX,BYTE,0x67,,
paddb,FUNCTION,paddbInstr,SSE/AVX Instruction,BasicMMX,BYTE,0x0FC,,
paddd,FUNCTION,padddInstr,SSE/AVX Instruction,BasicMMX,BYTE,0x0FE,,
paddq,FUNCTION,paddqInstr,SSE/AVX Instruction,BasicMMX,BYTE,0x0D4,,
paddsb,FUNCTION,paddsbInstr,SSE/AVX Instruction,BasicMMX,BYTE,0x0EC,,
paddsw,FUNCTION,paddswInstr,SSE/AVX Instruction,BasicMMX,BYTE,0x0ED,,
paddusb,FUNCTION,paddusbInstr,SSE/AVX Instruction,BasicMMX,BYTE,0x0DC,,
paddusw,FUNCTION,padduswInstr,SSE/AVX Instruction,BasicMMX,BYTE,0x0DD,,
paddw,FUNCTION,paddwInstr,SSE/AVX Instruction,BasicMMX,BYTE,0x0FD,,
pand,FUNCTION,pandInstr,SSE/AVX Instruction,BasicMMX,BYTE,0x0DB,,
pandn,FUNCTION,pandnInstr,SSE/AVX Instruction,BasicMMX,BYTE,0x0DF,,
pavgb,FUNCTION,pavgbInstr,SSE/AVX Instruction,BasicMMX,BYTE,0x0E0,,
pavgw,FUNCTION,pavgwInstr,SSE/AVX Instruction,BasicMMX,BYTE,0x0E3,,
pcmpeqb,FUNCTION,pcmpeqbInstr,SSE/AVX Instruction,BasicMMX,BYTE,0x74,,
pcmpeqd,FUNCTION,pcmpeqdInstr,SSE/AVX Instruction,BasicMMX,BYTE,0x76,,
pcmpeqw,FUNCTION,pcmpeqwInstr,SSE/AVX Instruction,BasicMMX,BYTE,0x75,,
pcmpgtb,FUNCTION,pcmpgtbInstr,SSE/AVX Instruction,BasicMMX,BYTE,0x64,,
pcmpgtd,FUNCTION,pcmpgtdInstr,SSE/AVX Instruction,BasicMMX,BYTE,0x66,,
pcmpgtw,FUNCTION,pcmpgtwInstr,SSE/AVX Instruction,BasicMMX,BYTE,0x65,,
pmaxsw,FUNCTION,pmaxswInstr,SSE/AVX Instruction,BasicMMX,BYTE,0x0EE,,
pmaxub,FUNCTION,pmaxubInstr,SSE/AVX Instruction,BasicMMX,BYTE,0x0DE,,
pminsw,FUNCTION,pminswInstr,SSE/AVX Instruction,BasicMMX,BYTE,0x0EA,,
pminub,FUNCTION,pminubInstr,SSE/AVX Instruction,BasicMMX,BYTE,0x0DA,,
pmulhuw,FUNCTION,pmulhuwInstr,SSE/AVX Instruction,BasicMMX,BYTE,0x0E4,,
pmulhw,FUNCTION,pmulhwInstr,SSE/AVX Instruction,BasicMMX,BYTE,0x0E5,,
pmullw,FUNCTION,pmullwInstr,SSE/AVX Instruction,BasicMMX,BYTE,0x0D5,,
pmuludq,FUNCTION,pmuludqInstr,SSE/AVX Instruction,BasicMMX,BYTE,0x0F4,,
por,FUNCTION,porInstr,SSE/AVX Instruction,BasicMMX,BYTE,0x0EB,,
psubb,FUNCTION,psubbInstr,SSE/AVX Instruction,BasicMMX,BYTE,0x0F8,,
psubd,FUNCTION,psubdInstr,SSE/AVX Instruction,BasicMMX,BYTE,0x0FA,,
psubq,FUNCTION,psubqInstr,SSE/AVX Instruction,BasicMMX,BYTE,0x0FB,,
psubsb,FUNCTION,psubsbInstr,SSE/AVX Instruction,BasicMMX,BYTE,0x0E8,,
psubsw,FUNCTION,psubswInstr,SSE/AVX Instruction,BasicMMX,BYTE,0x0E9,,
psubusb,FUNCTION,psubusbInstr,SSE/AVX Instruction,BasicMMX,BYTE,0x0D8,,
psubusw,FUNCTION,psubuswInstr,SSE/AVX Instruction,BasicMMX,BYTE,0x0D9,,
psubw,FUNCTION,psubwInstr,SSE/AVX Instruction,BasicMMX,BYTE,0x0F9,,
punpckhbw,FUNCTION,punpckhbwInstr,SSE/AVX Instruction,BasicMMX,BYTE,0x068,,
punpckhdq,FUNCTION,punpckhdqInstr,SSE/AVX Instruction,BasicMMX,BYTE,0x06A,,
punpckhwd,FUNCTION,punpckhwdInstr,SSE/AVX Instruction,BasicMMX,BYTE,0x069,,
punpcklbw,FUNCTION,punpcklbwInstr,SSE/AVX Instruction,BasicMMX,BYTE,0x060,,
punpckldq,FUNCTION,punpckldqInstr,SSE/AVX Instruction,BasicMMX,BYTE,0x062,,
punpcklwd,FUNCTION,punpcklwdInstr,SSE/AVX Instruction,BasicMMX,BYTE,0x061,,
pxor,FUNCTION,pxorInstr,SSE/AVX Instruction,BasicMMX,BYTE,0x0EF,,
cvtps2dq,FUNCTION,cvtps2dqInstr,SSE/AVX Instruction,BasicSD,,,,
ucomisd,FUNCTION,ucomisdInstr,SSE/AVX Instruction,BasicSD,BYTE,0x2E,,
addss,FUNCTION,addssInstr,SSE/AVX Instruction,BasicSS,BYTE,0x58,,
comiss,FUNCTION,comissInstr,SSE/AVX Instruction,BasicSS,BYTE,0x2F,,
ucomiss,FUNCTION,ucomissInstr,SSE/AVX Instruction,BasicSS,BYTE,0x2E,,
bt,FUNCTION,btInstr,Function description,BitInstr,BYTE,0x0F 0x0A3 32,,
btc,FUNCTION,btcInstr,Function description,BitInstr,BYTE,0x0F 0x0BB 56,,
btr,FUNCTION,btrInstr,Function description,BitInstr,BYTE,0x0F 0x0B3 48,,
bts,FUNCTION,btsInstr,Function description,BitInstr,BYTE,0x0F 0x0AB 40,,
bsf,FUNCTION,bsfInstr,Function description,BitScanInstr,BYTE,0x0F 0x0BC,,
bsr,FUNCTION,bsrInstr,Function description,BitScanInstr,BYTE,0x0F 0x0BD,,
bound,FUNCTION,boundInstr,Function description,boundpInstr,,,,
bswap,FUNCTION,bswapInstr,Function description,bswappInstr,,,,
call,FUNCTION,callInstr,Function description,CallPInstr,,,,
callf,FUNCTION,callInstr,Function description,CallPInstr,,,,
cmova,FUNCTION,cmovaInstr,Function description,cmovInstr,BYTE,0x0F 0x47,,
cmovae,FUNCTION,cmovaeInstr,Function description,cmovInstr,BYTE,0x0F 0x43,,
cmovb,FUNCTION,cmovbInstr,Function description,cmovInstr,BYTE,0x0F 0x42,,
cmovbe,FUNCTION,cmovbeInstr,Function description,cmovInstr,BYTE,0x0F 0x46,,
cmovc,FUNCTION,cmovbInstr,Function description,cmovInstr,BYTE,0x0F 0x42,,
cmove,FUNCTION,cmovzInstr,Function description,cmovInstr,BYTE,0x0F 0x44,,
cmovg,FUNCTION,cmovgInstr,Function description,cmovInstr,BYTE,0x0F 0x4F,,
cmovge,FUNCTION,cmovgeInstr,Function description,cmovInstr,BYTE,0x0F 0x4D,,
cmovl,FUNCTION,cmovlInstr,Function description,cmovInstr,BYTE,0x0F 0x4C,,
cmovle,FUNCTION,cmovleInstr,Function description,cmovInstr,BYTE,0x0F 0x4E,,
cmovna,FUNCTION,cmovbeInstr,Function description,cmovInstr,BYTE,0x0F 0x46,,
cmovnae,FUNCTION,cmovbInstr,Function description,cmovInstr,BYTE,0x0F 0x42,,
cmovnb,FUNCTION,cmovaeInstr,Function description,cmovInstr,BYTE,0x0F 0x43,,
cmovnbe,FUNCTION,cmovaInstr,Function description,cmovInstr,BYTE,0x0F 0x47,,
cmovnc,FUNCTION,cmovaeInstr,Function description,cmovInstr,BYTE,0x0F 0x43,,
cmovne,FUNCTION,cmovnzInstr,Function description,cmovInstr,BYTE,0x0F 0x45,,
cmovng,FUNCTION,cmovleInstr,Function description,cmovInstr,BYTE,0x0F 0x4E,,
cmovnge,FUNCTION,cmovlInstr,Function description,cmovInstr,BYTE,0x0F 0x4C,,
cmovnl,FUNCTION,cmovgeInstr,Function description,cmovInstr,BYTE,0x0F 0x4D,,
cmovnle,FUNCTION,cmovgInstr,Function description,cmovInstr,BYTE,0x0F 0x4F,,
cmovno,FUNCTION,cmovnoInstr,Function description,cmovInstr,BYTE,0x0F 0x41,,
cmovnp,FUNCTION,cmovpoInstr,Function description,cmovInstr,BYTE,0x0F 0x4B,,
cmovns,FUNCTION,cmovnsInstr,Function description,cmovInstr,BYTE,0x0F 0x49,,
cmovnz,FUNCTION,cmovnzInstr,Function description,cmovInstr,BYTE,0x0F 0x45,,
cmovo,FUNCTION,cmovoInstr,Function description,cmovInstr,BYTE,0x0F 0x40,,
cmovp,FUNCTION,cmovpInstr,Function description,cmovInstr,BYTE,0x0F 0x4A,,
cmovpe,FUNCTION,cmovpInstr,Function description,cmovInstr,BYTE,0x0F 0x4A,,
cmovpo,FUNCTION,cmovpoInstr,Function description,cmovInstr,BYTE,0x0F 0x4B,,
cmovs,FUNCTION,cmovsInstr,Function description,cmovInstr,BYTE,0x0F 0x48,,
cmovz,FUNCTION,cmovzInstr,Function description,cmovInstr,BYTE,0x0F 0x44,,
cmpps,FUNCTION,cmppsInstr,SSE/AVX Instruction,CMPPSPInstr,BYTE,0x0F 0x0C2 _OWORD,,
shufps,FUNCTION,shufpsInstr,SSE/AVX Instruction,CMPPSPInstr,BYTE,0x0F 0x0C6 _OWORD,,
cmpsd,FUNCTION,cmpsdInstr,SSE/AVX Instruction,CmpSDPInstr,BYTE,0x0A7 0x0F 0x0C2 0x0F2 _DWORD,,
movsd,FUNCTION,movsdInstr,SSE/AVX Instruction,CmpSDPInstr,BYTE,0x0A5 0x10 0x11,,
cmps,FUNCTION,cmpsInstr,Function description,CmpSPInstr,,,,
cmppd,FUNCTION,cmppdInstr,SSE/AVX Instruction,CMPSSPInstr,BYTE,0x0F 0x0C2 0x66 _OWORD,,
cmpss,FUNCTION,cmpssInstr,SSE/AVX Instruction,CMPSSPInstr,BYTE,0x0F 0x0C2 0x0F3 _DWORD,,
pshufd,FUNCTION,pshufdInstr,SSE/AVX Instruction,CMPSSPInstr,BYTE,0x0F 0x70 0x66 _OWORD,,
pshufhw,FUNCTION,pshufhwInstr,SSE/AVX Instruction,CMPSSPInstr,BYTE,0x0F 0x70 0x0F3 _OWORD,,
pshuflw,FUNCTION,pshuflwInstr,SSE/AVX Instruction,CMPSSPInstr,BYTE,0x0F 0x70 0x0F2 _OWORD,,
shufpd,FUNCTION,shufpdInstr,SSE/AVX Instruction,CMPSSPInstr,BYTE,0x0F 0x0C6 0x66 _OWORD,,
cmpxchg16b,FUNCTION,CmpXChg16BInstr,Function description,CmpXChg16BPInstr,,,,
cmpxchg8b,FUNCTION,cmpxchg8bInstr,Function description,CmpXChg8BPInstr,,,,
cmpxchg,FUNCTION,cmpxchgInstr,Function description,CmpXchgPInstr,BYTE,0x0F 0x0B1,BYTE,0x0F 0x0B0
comment,FUNCTION,CommentDirective,Function description,CommentDirec,,,,
ja,FUNCTION,jaInstr,Function description,CondJump,BYTE,0x77,,
jae,FUNCTION,jaeInstr,Function description,CondJump,BYTE,0x73,,
jb,FUNCTION,jbInstr,Function description,CondJump,BYTE,0x72,,
jbe,FUNCTION,jbeInstr,Function description,CondJump,BYTE,0x76,,
jc,FUNCTION,jbInstr,Function description,CondJump,BYTE,0x72,,
je,FUNCTION,jzInstr,Function description,CondJump,BYTE,0x74,,
jg,FUNCTION,jgInstr,Function description,CondJump,BYTE,0x7F,,
jge,FUNCTION,jgeInstr,Function description,CondJump,BYTE,0x7D,,
jl,FUNCTION,jlInstr,Function description,CondJump,BYTE,0x7C,,
jle,FUNCTION,jleInstr,Function description,CondJump,BYTE,0x7E,,
jna,FUNCTION,jbeInstr,Function description,CondJump,BYTE,0x76,,
jnae,FUNCTION,jbInstr,Function description,CondJump,BYTE,0x72,,
jnb,FUNCTION,jaeInstr,Function description,CondJump,BYTE,0x73,,
jnbe,FUNCTION,jaInstr,Function description,CondJump,BYTE,0x77,,
jnc,FUNCTION,jncInstr,Function description,CondJump,BYTE,0x73,,
jne,FUNCTION,jnzInstr,Function description,CondJump,BYTE,0x75,,
jng,FUNCTION,jleInstr,Function description,CondJump,BYTE,0x7E,,
jnge,FUNCTION,jlInstr,Function description,CondJump,BYTE,0x7C,,
jnl,FUNCTION,jgeInstr,Function description,CondJump,BYTE,0x7D,,
jnle,FUNCTION,jgInstr,Function description,CondJump,BYTE,0x7F,,
jno,FUNCTION,jnoInstr,Function description,CondJump,BYTE,0x71,,
jnp,FUNCTION,jpoInstr,Function description,CondJump,BYTE,0x7B,,
jns,FUNCTION,jnsInstr,Function description,CondJump,BYTE,0x79,,
jnz,FUNCTION,jnzInstr,Function description,CondJump,BYTE,0x75,,
jo,FUNCTION,joInstr,Function description,CondJump,BYTE,0x70,,
jp,FUNCTION,jpInstr,Function description,CondJump,BYTE,0x7A,,
jpe,FUNCTION,jpInstr,Function description,CondJump,BYTE,0x7A,,
jpo,FUNCTION,jpoInstr,Function description,CondJump,BYTE,0x7B,,
js,FUNCTION,jsInstr,Function description,CondJump,BYTE,0x78,,
jz,FUNCTION,jzInstr,Function description,CondJump,BYTE,0x74,,
db,FUNCTION,DBDirective,Function description,DBDirec,WORD,(DxDirecID),BYTE,ByteID
dd,FUNCTION,DDDirective,Function description,DDDirec,WORD,(DxDirecID),BYTE,DWordID
df,FUNCTION,DFDirective,Function description,DFDirec,WORD,(DxDirecID),BYTE,FWordID
dp,FUNCTION,DFDirective,Function description,DFDirec,WORD,(DxDirecID),BYTE,FWordID
do,FUNCTION,DODirective,Function description,DODirec,WORD,(DxDirecID),BYTE,OWordID
dqw,FUNCTION,DODirective,Function description,DODirec,WORD,(DxDirecID),BYTE,OWordID
dq,FUNCTION,DQDirective,Function description,DQDirec,WORD,(DxDirecID),BYTE,QWordID
dt,FUNCTION,DTDirective,Function description,DTDirec,WORD,(DxDirecID),BYTE,OWordID
du,FUNCTION,DUDirective,Function description,DUDirec,WORD,(DxDirecID),BYTE,OWordID
dup,FUNCTION,DUPDirective,Function description,DUPDirec,,,,
dw,FUNCTION,DWDirective,Function description,DWDirec,WORD,(DxDirecID),BYTE,OWordID
echo,FUNCTION,EchoMacro,Function description,EchoMac,,,,
else,FUNCTION,ElseDirective,Function description,ElseDirec,,,,
elseif,FUNCTION,ElseIfDirective,Function description,ElseDirec,,,,
end,FUNCTION,ENDDirective,Function description,ENDDirec,,,,
endif,FUNCTION,EndIfDirective,Function description,EndIfDirec,,,,
endm,FUNCTION,EndMDirective,Function description,EndMDirec,,,,
endp,FUNCTION,EndPDirective,Function description,EndPDirec,,,,
ends,FUNCTION,EndSDirective,Function description,EndSDirec,,,,
enter,FUNCTION,enterInstr,Function description,enterpInstr,,,,
enterd,FUNCTION,enterdInstr,Function description,enterpInstr,BYTE,0x66 0,,
exitm,FUNCTION,ExitMDirective,Function description,ExitMDirec,,,,
export,FUNCTION,ExportDirective,Function description,ExportDirec,,,,
addsubps,FUNCTION,addsubpsInstr,SSE/AVX Instruction,ExtendedPS,BYTE,0x0D0,,
cvtpd2dq,FUNCTION,cvtpd2dqInstr,SSE/AVX Instruction,ExtendedPS,BYTE,0x0E6,,
haddps,FUNCTION,haddpsInstr,SSE/AVX Instruction,ExtendedPS,BYTE,0x7C,,
hsubps,FUNCTION,hsubpsInstr,SSE/AVX Instruction,ExtendedPS,BYTE,0x7D,,
addsd,FUNCTION,addsdInstr,SSE/AVX Instruction,ExtendedSD,BYTE,0x58,,
cvtdq2pd,FUNCTION,cvtdq2pdInstr,SSE/AVX Instruction,ExtendedSD,BYTE,0x0E6,,
cvtsd2ss,FUNCTION,cvtsd2ssInstr,SSE/AVX Instruction,ExtendedSD,BYTE,0x5A,,
divsd,FUNCTION,divsdInstr,SSE/AVX Instruction,ExtendedSD,BYTE,0x5E,,
maxsd,FUNCTION,maxsdInstr,SSE/AVX Instruction,ExtendedSD,BYTE,0x5F,,
minsd,FUNCTION,minsdInstr,SSE/AVX Instruction,ExtendedSD,BYTE,0x5D,,
movddup,FUNCTION,movddupInstr,SSE/AVX Instruction,ExtendedSD,BYTE,0x12,,
mulsd,FUNCTION,mulsdInstr,SSE/AVX Instruction,ExtendedSD,BYTE,0x59,,
sqrtsd,FUNCTION,sqrtsdInstr,SSE/AVX Instruction,ExtendedSD,BYTE,0x51,,
subsd,FUNCTION,subsdInstr,SSE/AVX Instruction,ExtendedSD,BYTE,0x5C,,
cvtss2sd,FUNCTION,cvtss2sdInstr,SSE/AVX Instruction,ExtendedSS,BYTE,0x5A,,
divss,FUNCTION,divssInstr,SSE/AVX Instruction,ExtendedSS,BYTE,0x5E,,
maxss,FUNCTION,maxssInstr,SSE/AVX Instruction,ExtendedSS,BYTE,0x5F,,
minss,FUNCTION,minssInstr,SSE/AVX Instruction,ExtendedSS,BYTE,0x5D,,
mulss,FUNCTION,mulssInstr,SSE/AVX Instruction,ExtendedSS,,,,
rcpss,FUNCTION,rcpssInstr,SSE/AVX Instruction,ExtendedSS,BYTE,0x0F3 0x53,,
rsqrtss,FUNCTION,rsqrtssInstr,SSE/AVX Instruction,ExtendedSS,BYTE,0x52,,
sqrtss,FUNCTION,sqrtssInstr,SSE/AVX Instruction,ExtendedSS,BYTE,0x51,,
subss,FUNCTION,subssInstr,SSE/AVX Instruction,ExtendedSS,BYTE,0x5C,,
extern,FUNCTION,ExternDirective,Function description,ExternDirec,,,,
extrn,FUNCTION,ExternDirective,Function description,ExternDirec,,,,
fcom,FUNCTION,fcomInstr,Function description,FComPInstrx,BYTE,0x0D8 16 0x0DC 16 0 0 0x0D8 0x0D0,,
fcomp,FUNCTION,fcompInstr,Function description,FCompPInstrx,BYTE,0x0D8 24 0x0DC 24 0 0 0x0D8 0x0D8,,
fcmovb,FUNCTION,fcmovbInstr,Function description,FComx,BYTE,0x0DA 0x0C0,,
fcmovbe,FUNCTION,fcmovbeInstr,Function description,FComx,BYTE,0x0DA 0x0D0,,
fcmove,FUNCTION,fcmoveInstr,Function description,FComx,BYTE,0x0DA 0x0C8,,
fcmovnb,FUNCTION,fcmovnbInstr,Function description,FComx,BYTE,0x0DB 0x0C0,,
fcmovnbe,FUNCTION,fcmovnbeInstr,Function description,FComx,BYTE,0x0DB 0x0D0,,
fcmovne,FUNCTION,fcmovneInstr,Function description,FComx,BYTE,0x0DB 0x0C8,,
fcmovnu,FUNCTION,fcmovnuInstr,Function description,FComx,BYTE,0x0DB 0x0D8,,
fcmovu,FUNCTION,fcmovuInstr,Function description,FComx,BYTE,0x0DA 0x0D8,,
fcomi,FUNCTION,fcomiInstr,Function description,FComx,BYTE,0x0DB 0x0F0,,
fcomip,FUNCTION,fcomipInstr,Function description,FComx,BYTE,0x0DF 0x0F0,,
fucom,FUNCTION,fucomInstr,Function description,FComx,BYTE,0x0DD 0x0E0,,
fucomi,FUNCTION,fucomiInstr,Function description,FComx,BYTE,0x0DB 0x0E8,,
fucomip,FUNCTION,fucomipInstr,Function description,FComx,BYTE,0x0DF 0x0E8,,
fucomp,FUNCTION,fucompInstr,Function description,FComx,BYTE,0x0DD 0x0E8,,
fxch,FUNCTION,fxchInstr,Function description,FComx,BYTE,0x0D9 0x0C8,,
ffree,FUNCTION,ffreeInstr,Function description,FFreePInstrx,,,,
fld,FUNCTION,fldInstr,Function description,FldPInstr,BYTE,0x0D9 0 0x0DD 0 0x0DB 40 0x0D9 0x0C0,,
for,FUNCTION,ForDirective,Function description,ForDirec,,,,
format,FUNCTION,FormatDirective,Function description,FormatDirec,,,,
fst,FUNCTION,fstInstr,Function description,FstPInstrx,BYTE,0x0D9 16 0x0DD 16 0 0 0x0D0,,
fstp,FUNCTION,fstpInstr,Function description,FstPInstrx,BYTE,0x0D9 24 0x0DD 24 0x0DB 56 0x0D8,,
fnstsw,FUNCTION,fnstswInstr,Function description,FstswPInstr,,,,
fstsw,FUNCTION,fstswInstr,Function description,FstSwPInstr,,,,
function,FUNCTION,FunctionDirective,Function description,FunctionDirec,,,,
global,FUNCTION,GlobalDirective,Function description,GlobalDirec,,,,
halt,FUNCTION,HaltMacro,Function description,HaltMac,,,,
ifdef,FUNCTION,IfDefDirective,Function description,IfDefDirec,,,,
if,FUNCTION,IfDirective,Function description,IfDirec,,,,
ifndef,FUNCTION,IfNDefDirective,Function description,IfNDefDirec,,,,
pushd,FUNCTION,pushdInstr,Function description,Imm32op,BYTE,0x68,,
int,FUNCTION,intInstr,Function description,Imm8op,BYTE,0x0CD,,
import,FUNCTION,ImportDirective,Function description,ImportDirec,,,,
imul,FUNCTION,imulInstr,Function description,ImulpInstr,BYTE,0x0F 0x0AF,,
dec,FUNCTION,decInstr,Function description,IncDecInstr,BYTE,8,,
inc,FUNCTION,incInstr,Function description,IncDecInstr,BYTE,0,,
includebin,FUNCTION,IncludeBinDirective,Function description,IncludeBinDirec,,,,
include,FUNCTION,IncludeDirective,Function description,IncludeDirec,,,,
includelib,FUNCTION,IncludeLibDirective,Function description,IncludeLibDirec,,,,
includerc,FUNCTION,IncludeRCDirective,Function description,IncludeRCDirec,,,,
in,FUNCTION,inInstr,Function description,InpInstr,,,,
ins,FUNCTION,insInstr,Function description,InSPInstr,,,,
fiadd,FUNCTION,fiaddInstr,Function description,IntegerFPU,BYTE,0x0DE 0 0x0DA 0 0,,
ficom,FUNCTION,ficomInstr,Function description,IntegerFPU,BYTE,0x0DE 16 0x0DA 16 0,,
ficomp,FUNCTION,ficompInstr,Function description,IntegerFPU,BYTE,0x0DE 24 0x0DA 24 0,,
fidiv,FUNCTION,fidivInstr,Function description,IntegerFPU,BYTE,0x0DE 48 0x0DA 48 0,,
fidivr,FUNCTION,fidivrInstr,Function description,IntegerFPU,BYTE,0x0DE 56 0x0DA 56 0,,
fild,FUNCTION,fildInstr,Function description,IntegerFPU,BYTE,0x0DF 0 0x0DB 0 0x0DF 40,,
fimul,FUNCTION,fimulInstr,Function description,IntegerFPU,BYTE,0x0DE 8 0x0DA 8 0,,
fist,FUNCTION,fistInstr,Function description,IntegerFPU,BYTE,0x0DF 16 0x0DB 16 0,,
fistp,FUNCTION,fistpInstr,Function description,IntegerFPU,BYTE,0x0DF 24 0x0DB 24 0x0DF 56,,
fisttp,FUNCTION,fisttpInstr,Function description,IntegerFPU,BYTE,0x0DF 8 0x0DB 8 0x0DD 8,,
fisub,FUNCTION,fisubInstr,Function description,IntegerFPU,BYTE,0x0DE 32 0x0DA 32 0,,
fisubr,FUNCTION,fisubrInstr,Function description,IntegerFPU,BYTE,0x0DE 40 0x0DA 40 0,,
invoke,FUNCTION,InvokeDirective,Function description,InvokeDirec,,,,
iret,FUNCTION,iretInstr,Function description,IretXInstr,BYTE,0x0CF,,
irp,FUNCTION,IRPDirective,Function description,IRPDirec,,,,
irps,FUNCTION,IRPSMacro,Function description,IRPSMac,,,,
jmp,FUNCTION,jmpInstr,Function description,JumpInstr,,,,
lea,FUNCTION,leaInstr,Function description,LEAPInstr,BYTE,0x08D,,
local,FUNCTION,LocalDirective,Function description,LocalDirec,,,,
lods,FUNCTION,lodsInstr,Function description,LodSPInstr,,,,
jcxz,FUNCTION,jcxzInstr,Function description,Loop16Instr,BYTE,0x0E3,,
loop,FUNCTION,loopInstr,Function description,Loop16Instr,BYTE,0x0E2,,
loope,FUNCTION,loopzInstr,Function description,loop16Instr,BYTE,0x0E1,,
loopne,FUNCTION,loopnzInstr,Function description,loop16Instr,BYTE,0x0E0,,
loopnz,FUNCTION,loopnzInstr,Function description,loop16Instr,BYTE,0x0E0,,
loopz,FUNCTION,loopzInstr,Function description,loop16Instr,BYTE,0x0E1,,
jecxz,FUNCTION,jecxzInstr,Function description,Loop32Instr,BYTE,0x0E3,,
loopd,FUNCTION,loopdInstr,Function description,Loop32Instr,BYTE,0x0E2,,
loopde,FUNCTION,loopdzInstr,Function description,loop32Instr,BYTE,0x0E1,,
loopdne,FUNCTION,loopdnzInstr,Function description,loop32Instr,BYTE,0x0E0,,
loopdnz,FUNCTION,loopdnzInstr,Function description,loop32Instr,BYTE,0x0E0,,
loopdz,FUNCTION,loopdzInstr,Function description,loop32Instr,BYTE,0x0E1,,
lds,FUNCTION,ldsInstr,Function description,LxS1Instr,BYTE,0x0C5,,
les,FUNCTION,lesInstr,Function description,LxS1Instr,BYTE,0x0C4,,
lfs,FUNCTION,lfsInstr,Function description,LxS2Instr,BYTE,0x0F 0x0B4,,
lgs,FUNCTION,lgsInstr,Function description,Lxs2Instr,BYTE,0x0F 0x0B5,,
lss,FUNCTION,lssInstr,Function description,Lxs2Instr,BYTE,0x0F 0x0B2,,
fsave,FUNCTION,fsaveInstr,Function description,MemOp,BYTE,0x09B 0x0DD 48 0,,
fstcw,FUNCTION,fstcwInstr,Function description,MemOp,BYTE,0x9B 0x0D9 56 _WORD,,
fstenv,FUNCTION,fstenvInstr,Function description,MemOp,BYTE,0x9B 0x0D9 48 0,,
fxrstor,FUNCTION,fxrstorInstr,Function description,MemOp,BYTE,0x0F 0x0AE 8 0,,
fxsave,FUNCTION,fxsaveInstr,Function description,MemOp,BYTE,0x0F 0x0AE 0 0,,
invlpg,FUNCTION,invlpgInstr,Function description,MemOp,BYTE,0x0F 01 56 0,,
ldmxcsr,FUNCTION,ldmxcsrInstr,SSE/AVX Instruction,MemOp,BYTE,0x0F 0x0AE 16 _DWORD,,
stmxcsr,FUNCTION,stmxcsrInstr,SSE/AVX Instruction,MemOp,BYTE,0x0F 0x0AE 24 _DWORD,,
fbld,FUNCTION,fbldInstr,Function description,MemOp2,BYTE,0x0DF 32 _TWORD,,
fbstp,FUNCTION,fbstpInstr,Function description,MemOp2,BYTE,0x0DF 48 _TWORD,,
fldcw,FUNCTION,fldcwInstr,Function description,MemOp2,BYTE,0x0D9 40 _WORD,,
fldenv,FUNCTION,fldenvInstr,Function description,MemOp2,BYTE,0x0D9 32 0,,
fnsave,FUNCTION,fnsaveInstr,Function description,MemOp2,BYTE,0x0DD 48 0,,
fnstcw,FUNCTION,fnstcwInstr,Function description,MemOp2,BYTE,0x0D9 56 _WORD,,
fnstenv,FUNCTION,fnstenvInstr,Function description,MemOp2,BYTE,0x0D9 48 0,,
frstor,FUNCTION,frstorInstr,Function description,MemOp2,BYTE,0x0DD 32 0,,
equ,FUNCTION,EQUDirective,Function description,MissingLabel,WORD,(EQUDirec),,
group,FUNCTION,GroupDirective,Function description,MissingLabel,WORD,(GroupDirec),,
label,FUNCTION,LabelDirective,Function description,MissingLabel,WORD,(LabelDirec),,
macro,FUNCTION,MacroDirective,Function description,MissingLabel,WORD,(MacroDirec),,
proc,FUNCTION,ProcDirective,Function description,MissingLabel,WORD,(ProcDirec),,
struc,FUNCTION,StrucDirective,Function description,MissingLabel,WORD,(StrucDirec),,
struct,FUNCTION,StrucDirective,Function description,MissingLabel,WORD,(StrucDirec),,
movntq,FUNCTION,movntqInstr,Function description,MMX_M64_R64,BYTE,0x02 0x0F 0x0E7,,
maskmovq,FUNCTION,maskmovqInstr,Function description,MMX_R_R,BYTE,0x02 0x0F 0x0F7,,
movdq2q,FUNCTION,movdq2qInstr,Function description,MMX_R_R128,BYTE,0x02 0xF2 0xD6,,
packssdw,FUNCTION,packssdwInstr,SSE/AVX Instruction,MMX_R_RM,BYTE,0x6B,,
packsswb,FUNCTION,packsswbInstr,SSE/AVX Instruction,MMX_R_RM,BYTE,0x63,,
movq,FUNCTION,movqInstr,SSE/AVX Instruction,MMX_R_RM__RM_R_Instr,BYTE,0x02 0x0F 0x06F 0x02 0x0F 0x07F,,
pf2id,FUNCTION,pf2idInstr,Function description,MMX_R_RM__With_Extra,BYTE,0x02 0x0F 0x0F 0x1D,,
pf2iw,FUNCTION,pf2iwInstr,Function description,MMX_R_RM__With_Extra,BYTE,0x02 0x0F 0x0F 0x1C,,
pfacc,FUNCTION,pfaccInstr,Function description,MMX_R_RM__With_Extra,BYTE,0x02 0x0F 0x0F 0xAE,,
pfadd,FUNCTION,pfaddInstr,Function description,MMX_R_RM__With_Extra,BYTE,0x02 0x0F 0x0F 0x9E,,
pfcmpeq,FUNCTION,pfcmpeqInstr,Function description,MMX_R_RM__With_Extra,BYTE,0x02 0x0F 0x0F 0xB0,,
pfcmpge,FUNCTION,pfcmpgeInstr,Function description,MMX_R_RM__With_Extra,BYTE,0x02 0x0F 0x0F 0x90,,
pfcmpgt,FUNCTION,pfcmpgtInstr,Function description,MMX_R_RM__With_Extra,BYTE,0x02 0x0F 0x0F 0xA0,,
pfmax,FUNCTION,pfmaxInstr,Function description,MMX_R_RM__With_Extra,BYTE,0x02 0x0F 0x0F 0xA4,,
pfmin,FUNCTION,pfminInstr,Function description,MMX_R_RM__With_Extra,BYTE,0x02 0x0F 0x0F 0x94,,
pfmul,FUNCTION,pfmulInstr,Function description,MMX_R_RM__With_Extra,BYTE,0x02 0x0F 0x0F 0xB4,,
pfnacc,FUNCTION,pfnaccInstr,Function description,MMX_R_RM__With_Extra,BYTE,0x02 0x0F 0x0F 0x8A,,
pfpnacc,FUNCTION,pfpnaccInstr,Function description,MMX_R_RM__With_Extra,BYTE,0x02 0x0F 0x0F 0x8E,,
pfrcp,FUNCTION,pfrcpInstr,Function description,MMX_R_RM__With_Extra,BYTE,0x02 0x0F 0x0F 0x96,,
pfrcpit1,FUNCTION,pfrcpit1Instr,Function description,MMX_R_RM__With_Extra,BYTE,0x02 0x0F 0x0F 0xA6,,
pfrcpit2,FUNCTION,pfrcpit2Instr,Function description,MMX_R_RM__With_Extra,BYTE,0x02 0x0F 0x0F 0xB6,,
pfrsqit1,FUNCTION,pfrsqit1Instr,Function description,MMX_R_RM__With_Extra,BYTE,0x02 0x0F 0x0F 0xA7,,
pfrsqrt,FUNCTION,pfrsqrtInstr,Function description,MMX_R_RM__With_Extra,BYTE,0x02 0x0F 0x0F 0x97,,
pfsub,FUNCTION,pfsubInstr,Function description,MMX_R_RM__With_Extra,BYTE,0x02 0x0F 0x0F 0x9A,,
pfsubr,FUNCTION,pfsubrInstr,Function description,MMX_R_RM__With_Extra,BYTE,0x02 0x0F 0x0F 0xAA,,
pi2fd,FUNCTION,pi2fdInstr,Function description,MMX_R_RM__With_Extra,BYTE,0x02 0x0F 0x0F 0x0D,,
pi2fw,FUNCTION,pi2fwInstr,Function description,MMX_R_RM__With_Extra,BYTE,0x02 0x0F 0x0F 0x0C,,
pextrw,FUNCTION,pextrwInstr,SSE/AVX Instruction,MMX_R32_R64_IMM8_Instr,BYTE,0x02 0x0F 0x0C5,,
monitor,FUNCTION,monitorInstr,Function description,MonitorPInstr,,,,
movd,FUNCTION,movdInstr,SSE/AVX Instruction,movdpInstr,BYTE,0x06E,,
mov,FUNCTION,movInstr,Function description,moveInstr,,,,
movs,FUNCTION,movsInstr,Function description,MovSPInstr,,,,
movsxd,FUNCTION,movsxdInstr,Function description,movsxdpInstr,,,,
movhpd,FUNCTION,movhpdInstr,SSE/AVX Instruction,MOVxPD,BYTE,0x16 0x17,,
movlpd,FUNCTION,movlpdInstr,SSE/AVX Instruction,MOVxPD,BYTE,0x12 0x13,,
movhps,FUNCTION,movhpsInstr,SSE/AVX Instruction,MOVxPS,BYTE,0x16 0x17,,
movlps,FUNCTION,movlpsInstr,SSE/AVX Instruction,MOVxPS,BYTE,0x12 0x13,,
movsx,FUNCTION,movsxInstr,Function description,movxxInstr,BYTE,0x0F 0x0BE,,
movzx,FUNCTION,movzxInstr,Function description,movxxInstr,BYTE,0x0F 0x0B6,,
mwait,FUNCTION,mwaitInstr,Function description,MWaitPInstr,,,,
aaa,FUNCTION,aaaInstr,Function description,NoOperand,BYTE,0x37,,
aas,FUNCTION,aasInstr,Function description,NoOperand,BYTE,0x03F,,
cbw,FUNCTION,cbwInstr,Function description,NoOperand,BYTE,0x98,,
clc,FUNCTION,clcInstr,Function description,NoOperand,BYTE,0x0F8,,
cld,FUNCTION,cldInstr,Function description,NoOperand,BYTE,0x0FC,,
cli,FUNCTION,cliInstr,Function description,NoOperand,BYTE,0x0FA,,
cmc,FUNCTION,cmcInstr,Function description,NoOperand,BYTE,0x0F5,,
cmpsb,FUNCTION,cmpsbInstr,Function description,NoOperand,BYTE,0x0A6,,
daa,FUNCTION,daaInstr,Function description,NoOperand,BYTE,0x27,,
das,FUNCTION,dasInstr,Function description,NoOperand,BYTE,0x2F,,
fwait,FUNCTION,waitInstr,Function description,NoOperand,BYTE,0x9B,,
hlt,FUNCTION,hltInstr,Function description,NoOperand,BYTE,0x0F4,,
insb,FUNCTION,insbInstr,Function description,NoOperand,BYTE,0x06C,,
into,FUNCTION,intoInstr,Function description,NoOperand,BYTE,0x0CE 0,,
lahf,FUNCTION,lahfInstr,Function description,NoOperand,BYTE,0x9F,,
leave,FUNCTION,leaveInstr,Function description,NoOperand,BYTE,0x0C9,,
lock,FUNCTION,lockInstr,Function description,NoOperand,BYTE,0x0F0,,
lodsb,FUNCTION,lodsbInstr,Function description,NoOperand,BYTE,0x0AC,,
movsb,FUNCTION,movsbInstr,Function description,NoOperand,BYTE,0x0A4,,
nop,FUNCTION,nopInstr,Function description,NoOperand,BYTE,0x90,,
outsb,FUNCTION,outsbInstr,Function description,NoOperand,BYTE,0x06E,,
popa,FUNCTION,popaInstr,Function description,NoOperand,BYTE,0x61,,
popf,FUNCTION,popfInstr,Function description,NoOperand,BYTE,0x9D,,
pusha,FUNCTION,pushaInstr,Function description,NoOperand,BYTE,0x60,,
pushf,FUNCTION,pushfInstr,Function description,NoOperand,BYTE,0x9C,,
sahf,FUNCTION,sahfInstr,Function description,NoOperand,BYTE,0x9E,,
scasb,FUNCTION,scasbInstr,Function description,NoOperand,BYTE,0x0AE,,
segcs,FUNCTION,segcsInstr,Function description,NoOperand,BYTE,0x2E,,
segds,FUNCTION,segdsInstr,Function description,NoOperand,BYTE,0x3E,,
seges,FUNCTION,segesInstr,Function description,NoOperand,BYTE,0x26,,
segfs,FUNCTION,segfsInstr,Function description,NoOperand,BYTE,0x64,,
seggs,FUNCTION,seggsInstr,Function description,NoOperand,BYTE,0x65,,
segss,FUNCTION,segssInstr,Function description,NoOperand,BYTE,0x36,,
setalc,FUNCTION,setalcInstr,Function description,NoOperand,BYTE,0x0D6,,
smi,FUNCTION,smiInstr,Function description,NoOperand,BYTE,0x0F1,,
stc,FUNCTION,stcInstr,Function description,NoOperand,BYTE,0x0F9,,
std,FUNCTION,stdInstr,Function description,NoOperand,BYTE,0x0FD,,
sti,FUNCTION,stiInstr,Function description,NoOperand,BYTE,0x0FB,,
stosb,FUNCTION,stosbInstr,Function description,NoOperand,BYTE,0x0AA,,
wait,FUNCTION,waitInstr,Function description,NoOperand,BYTE,0x9B,,
cmpsw,FUNCTION,cmpswInstr,Function description,NoOperand16,BYTE,0x0A7,,
cwd,FUNCTION,cwdInstr,Function description,NoOperand16,BYTE,0x99,,
insw,FUNCTION,inswInstr,Function description,NoOperand16,BYTE,0x06D,,
iretw,FUNCTION,iretwInstr,Function description,NoOperand16,BYTE,0x0CF,,
lodsw,FUNCTION,lodswInstr,Function description,NoOperand16,BYTE,0x0AD,,
movsw,FUNCTION,movswInstr,Function description,NoOperand16,BYTE,0x0A5,,
outsw,FUNCTION,outswInstr,Function description,NoOperand16,BYTE,0x06F,,
popfw,FUNCTION,PopFWInstr,Function description,NoOperand16,BYTE,0x9D,,
pushfw,FUNCTION,pushfwInstr,Function description,NoOperand16,BYTE,0x9C,,
scasw,FUNCTION,scaswInstr,Function description,NoOperand16,BYTE,0x0AF,,
stosw,FUNCTION,stoswInstr,Function description,NoOperand16,BYTE,0x0AB,,
cdq,FUNCTION,cdqInstr,Function description,NoOperand32,BYTE,0x99,,
cwde,FUNCTION,cwdeInstr,Function description,NoOperand32,BYTE,0x98,,
insd,FUNCTION,insdInstr,Function description,NoOperand32,BYTE,0x6D,,
iretd,FUNCTION,iretdInstr,Function description,NoOperand32,BYTE,0x0CF,,
leaved,FUNCTION,leavedInstr,Function description,NoOperand32,BYTE,0x0C9,,
lodsd,FUNCTION,lodsdInstr,Function description,NoOperand32,BYTE,0x0AD,,
outsd,FUNCTION,outsdInstr,Function description,NoOperand32,BYTE,0x06F,,
popad,FUNCTION,popadInstr,Function description,NoOperand32,BYTE,0x61,,
popfd,FUNCTION,popfdInstr,Function description,NoOperand32,BYTE,0x9D,,
pushad,FUNCTION,pushadInstr,Function description,NoOperand32,BYTE,0x60,,
pushfd,FUNCTION,pushfdInstr,Function description,NoOperand32,BYTE,0x9C,,
scasd,FUNCTION,scasdInstr,Function description,NoOperand32,BYTE,0x0AF,,
stosd,FUNCTION,stosdInstr,Function description,NoOperand32,BYTE,0x0AB,,
cdqe,FUNCTION,cdqeInstr,Function description,NoOperand64,BYTE,0x98,,
cmpsq,FUNCTION,cmpsqInstr,Function description,NoOperand64,BYTE,0x0A7,,
cqo,FUNCTION,cqoInstr,Function description,NoOperand64,BYTE,0x99,,
iretq,FUNCTION,iretqInstr,Function description,NoOperand64,BYTE,0x0CF,,
lodsq,FUNCTION,lodsqInstr,Function description,NoOperand64,BYTE,0x0AD,,
movsq,FUNCTION,movsqInstr,Function description,NoOperand64,BYTE,0x0A5,,
popfq,FUNCTION,PopFQInstr,Function description,NoOperand64,BYTE,0x9D,,
pushfq,FUNCTION,pushfqInstr,Function description,NoOperand64,BYTE,0x9C,,
scasq,FUNCTION,scasqInstr,Function description,NoOperand64,BYTE,0x0AF,,
stosq,FUNCTION,stosqInstr,Function description,NoOperand64,BYTE,0x0AB,,
fclex,FUNCTION,fclexInstr,Function description,noopf,BYTE,0x09B 0x0DB 0x0E2,,
fdisi,FUNCTION,fdisiInstr,Function description,NoOpF,BYTE,0x9B 0x0DB 0x0E1,,
feni,FUNCTION,feniInstr,Function description,noopf,BYTE,0x09B 0x0DB 0x0E0,,
finit,FUNCTION,finitInstr,Function description,NoOpF,BYTE,0x09B 0x0DB 0x0E3,,
lfence,FUNCTION,lfenceInstr,Function description,NoOpF,BYTE,0x0F 0x0AE 0x0E8,,
mfence,FUNCTION,mfenceInstr,Function description,NoOpF,BYTE,0x0F 0x0AE 0x0F0,,
sfence,FUNCTION,sfenceInstr,Function description,noopf,BYTE,0x0F 0x0AE 0x0F8,,
clts,FUNCTION,cltsInstr,Function description,NoOpW,BYTE,0x0F 0x06,,
cpuid,FUNCTION,cpuidInstr,Function description,NoOpW,BYTE,0x0F 0x0A2,,
emms,FUNCTION,emmsInstr,Function description,NoOpW,BYTE,0x0F 0x77,,
f2xm1,FUNCTION,f2xm1Instr,Function description,NoOpW,BYTE,0x0D9 0x0F0,,
fabs,FUNCTION,fabsInstr,Function description,NoOpW,BYTE,0x0D9 0x0E1,,
fchs,FUNCTION,fchsInstr,Function description,NoOpW,BYTE,0x0D9 0x0E0,,
fcompp,FUNCTION,fcomppInstr,Function description,NoOpW,BYTE,0x0DE 0x0D9,,
fcos,FUNCTION,fcosInstr,Function description,NoOpW,BYTE,0x0D9 0x0FF,,
fdecstp,FUNCTION,fdecstpInstr,Function description,NoOpW,BYTE,0x0D9 0x0F6,,
femms,FUNCTION,femmsInstr,Function description,NoOpW,BYTE,0x0F 0x0E,,
fincstp,FUNCTION,fincstpInstr,Function description,NoOpW,BYTE,0x0D9 0x0F7,,
fld1,FUNCTION,fld1Instr,Function description,NoOpW,BYTE,0x0D9 0x0E8,,
fldl2e,FUNCTION,fldl2eInstr,Function description,NoOpW,BYTE,0x0D9 0x0EA,,
fldl2t,FUNCTION,fldl2tInstr,Function description,NoOpW,BYTE,0x0D9 0x0E9,,
fldlg2,FUNCTION,fldlg2Instr,Function description,NoOpW,BYTE,0x0D9 0x0EC,,
fldln2,FUNCTION,fldln2Instr,Function description,NoOpW,BYTE,0x0D9 0x0ED,,
fldpi,FUNCTION,fldpiInstr,Function description,NoOpW,BYTE,0x0D9 0x0EB,,
fldz,FUNCTION,fldzInstr,Function description,NoOpW,BYTE,0x0D9 0x0EE,,
fnclex,FUNCTION,fnclexInstr,Function description,NoOpW,BYTE,0x0DB 0x0E2,,
fndisi,FUNCTION,fndisiInstr,Function description,NoOpW,BYTE,0x0DB 0x0E1,,
fneni,FUNCTION,fneniInstr,Function description,NoOpW,BYTE,0x0DB 0x0E0,,
fninit,FUNCTION,fninitInstr,Function description,NoOpW,BYTE,0x0DB 0x0E3,,
fnop,FUNCTION,fnopInstr,Function description,NoOpW,BYTE,0x0D9 0x0D0,,
fpatan,FUNCTION,fpatanInstr,Function description,NoOpW,BYTE,0x0D9 0x0F3,,
fprem,FUNCTION,fpremInstr,Function description,NoOpW,BYTE,0x0D9 0x0F8,,
fprem1,FUNCTION,fprem1Instr,Function description,NoOpW,BYTE,0x0D9 0x0F5,,
fptan,FUNCTION,fptanInstr,Function description,NoOpW,BYTE,0x0D9 0x0F2,,
frndint,FUNCTION,frndintInstr,Function description,NoOpW,BYTE,0x0D9 0x0FC,,
fscale,FUNCTION,fscaleInstr,Function description,NoOpW,BYTE,0x0D9 0x0FD,,
fsetpm,FUNCTION,fsetpmInstr,Function description,NoOpW,BYTE,0x0DB 0x0E4,,
fsin,FUNCTION,fsinInstr,Function description,NoOpW,BYTE,0x0D9 0x0FE,,
fsincos,FUNCTION,fsincosInstr,Function description,NoOpW,BYTE,0x0D9 0x0FB,,
fsqrt,FUNCTION,fsqrtInstr,Function description,NoOpW,BYTE,0x0D9 0x0FA,,
ftst,FUNCTION,ftstInstr,Function description,NoOpW,BYTE,0x0D9 0x0E4,,
fucompp,FUNCTION,fucomppInstr,Function description,NoOpW,BYTE,0x0DA 0x0E9,,
fxam,FUNCTION,fxamInstr,Function description,NoOpW,BYTE,0x0D9 0x0E5,,
fxtract,FUNCTION,fxtractInstr,Function description,NoOpW,BYTE,0x0D9 0x0F4,,
fyl2x,FUNCTION,fyl2xInstr,Function description,NoOpW,BYTE,0x0D9 0x0F1,,
fyl2xp1,FUNCTION,fyl2xp1Instr,Function description,NoOpW,BYTE,0x0D9 0x0F9,,
invd,FUNCTION,invdInstr,Function description,NoOpW,BYTE,0x0F 0x08,,
loadall,FUNCTION,loadallInstr,Function description,NoOpW,BYTE,0x0F 0x07,,
pause,FUNCTION,pauseInstr,Function description,NoOpW,BYTE,0x0F3 0x90,,
rdmsr,FUNCTION,rdmsrInstr,Function description,NoOpW,BYTE,0x0F 0x32,,
rdpmc,FUNCTION,rdpmcInstr,Function description,NoOpW,BYTE,0x0F 0x33,,
rdtsc,FUNCTION,rdtscInstr,Function description,NoOpW,BYTE,0x0F 0x31,,
rsm,FUNCTION,rsmInstr,Function description,NoOpW,BYTE,0x0F 0x0AA,,
syscall,FUNCTION,syscallInstr,Function description,NoOpW,BYTE,0x0F 0x05,,
sysenter,FUNCTION,sysenterInstr,Function description,NoOpW,BYTE,0x0F 0x34,,
sysexit,FUNCTION,sysexitInstr,Function description,NoOpW,BYTE,0x0F 0x35,,
sysret,FUNCTION,sysretInstr,Function description,NoOpW,BYTE,0x0F 0x07,,
ud,FUNCTION,udInstr,Function description,NoOpW,BYTE,0x0F 0x0FF,,
ud2,FUNCTION,ud2Instr,Function description,NoOpW,BYTE,0x0F 0x0B,,
wbinvd,FUNCTION,wbinvdInstr,Function description,NoOpW,BYTE,0x0F 0x09,,
wrmsr,FUNCTION,wrmsrInstr,Function description,NoOpW,BYTE,0x0F 0x30,,
esc,FUNCTION,EscInstr,Function description,NotCoded,,,,
ffreep,FUNCTION,ffreepInstr,Function description,NotCoded,,,,
fldenvd,FUNCTION,fldenvdInstr,Function description,NotCoded,,,,
fldenvw,FUNCTION,fldenvwInstr,Function description,NotCoded,,,,
fnldenv,FUNCTION,fnldenvInstr,Function description,NotCoded,,,,
fnrstor,FUNCTION,fnrstorInstr,Function description,NotCoded,,,,
fnsaved,FUNCTION,fnsavedInstr,Function description,NotCoded,,,,
fnsavew,FUNCTION,fnsavewInstr,Function description,NotCoded,,,,
fnstenvw,FUNCTION,fnstenvwInstr,Function description,NotCoded,,,,
frstord,FUNCTION,frstordInstr,Function description,NotCoded,,,,
frstorw,FUNCTION,frstorwInstr,Function description,NotCoded,,,,
fsaved,FUNCTION,fsavedInstr,Function description,NotCoded,,,,
fsavew,FUNCTION,fsavewInstr,Function description,NotCoded,,,,
fstenvd,FUNCTION,fstenvdInstr,Function description,NotCoded,,,,
ibts,FUNCTION,ibtsInstr,Function description,NotCoded,,,,
movnti,FUNCTION,movntiInstr,Function description,NotCoded,,,,
paddsiw,FUNCTION,paddsiwInstr,Function description,NotCoded,BYTE,0x51,,
paveb,FUNCTION,pavebInstr,Function description,NotCoded,BYTE,0x50,,
pavgusb,FUNCTION,pavgusbInstr,Function description,NotCoded,BYTE,0x0F 0x0F 0x0BF _OWORD,,
pdistib,FUNCTION,pdistibInstr,Function description,NotCoded,BYTE,0x54,,
pmachriw,FUNCTION,pmachriwInstr,Function description,NotCoded,BYTE,0x5E,,
pmagw,FUNCTION,pmagwInstr,Function description,NotCoded,BYTE,0x52,,
pmulhriw,FUNCTION,pmulhriwInstr,Function description,NotCoded,BYTE,0x5D,,
pmulhrw,FUNCTION,pmulhrwInstr,Function description,NotCoded,BYTE,0x0B7,,
pmvgezb,FUNCTION,pmvgezbInstr,Function description,NotCoded,BYTE,0x05C,,
pmvlzb,FUNCTION,pmvlzbInstr,Function description,NotCoded,BYTE,0x05B,,
pmvnzb,FUNCTION,pmvnzbInstr,Function description,NotCoded,BYTE,0x05A,,
pmvzb,FUNCTION,pmvzbInstr,Function description,NotCoded,BYTE,0x058,,
pshufw,FUNCTION,pshufwInstr,Function description,NotCoded,,,,
psubsiw,FUNCTION,psubsiwInstr,Function description,NotCoded,BYTE,0x055,,
pswapd,FUNCTION,pswapdInstr,Function description,NotCoded,BYTE,0x0BB,,
xbts,FUNCTION,xbtsInstr,Function description,NotCoded,,,,
cvtps2pd,FUNCTION,cvtps2pdInstr,SSE/AVX Instruction,NotCoded,BYTE,0x5A,,
cvtsd2si,FUNCTION,cvtsd2siInstr,SSE/AVX Instruction,NotCoded,,,,
cvtsi2sd,FUNCTION,cvtsi2sdInstr,SSE/AVX Instruction,NotCoded,,,,
cvtsi2ss,FUNCTION,cvtsi2ssInstr,SSE/AVX Instruction,NotCoded,BYTE,0x0F3 0x2A,,
cvtss2si,FUNCTION,cvtss2siInstr,SSE/AVX Instruction,NotCoded,BYTE,0x0F3 0x2D,,
cvttpd2dq,FUNCTION,cvttpd2dqInstr,SSE/AVX Instruction,NotCoded,,,,
cvttps2dq,FUNCTION,cvttps2dqInstr,SSE/AVX Instruction,NotCoded,,,,
cvttsd2si,FUNCTION,cvttsd2siInstr,SSE/AVX Instruction,NotCoded,,,,
cvttss2si,FUNCTION,cvttss2siInstr,SSE/AVX Instruction,NotCoded,BYTE,0x0F3 0x2C,,
maskmovdqu,FUNCTION,maskmovdquInstr,SSE/AVX Instruction,NotCoded,,,,
movlhps,FUNCTION,movlhpsInstr,SSE/AVX Instruction,NotCoded,BYTE,0x16,,
movmskps,FUNCTION,movmskpsInstr,SSE/AVX Instruction,NotCoded,BYTE,0x50,,
movntdq,FUNCTION,movntdqInstr,SSE/AVX Instruction,NotCoded,,,,
movshdup,FUNCTION,movshdupInstr,SSE/AVX Instruction,NotCoded,,,,
movsldup,FUNCTION,movsldupInstr,SSE/AVX Instruction,NotCoded,,,,
pmovmskb,FUNCTION,pmovmskbInstr,SSE/AVX Instruction,NotCoded,BYTE,0x0EE,,
psadbw,FUNCTION,psadbwInstr,SSE/AVX Instruction,NotCoded,BYTE,0x0F6,,
pslldq,FUNCTION,pslldqInstr,SSE/AVX Instruction,NotCoded,,,,
psrldq,FUNCTION,psrldqInstr,SSE/AVX Instruction,NotCoded,,,,
option,FUNCTION,OptionDirective,Function description,OptionDirec,,,,
org,FUNCTION,OrgDirective,Function description,OrgDirec,,,,
out,FUNCTION,outInstr,Function description,outpInstr,,,,
outs,FUNCTION,outsInstr,Function description,OutSPInstr,,,,
lgdt,FUNCTION,lgdtInstr,Function description,PMDescInstr,BYTE,16,,
lidt,FUNCTION,lidtInstr,Function description,PMDescInstr,BYTE,24,,
sgdt,FUNCTION,sgdtInstr,Function description,PMDescInstr,BYTE,0,,
sidt,FUNCTION,sidtInstr,Function description,PMDescInstr,BYTE,8,,
lldt,FUNCTION,lldtInstr,Function description,PMInstr1,BYTE,0x0F 00 16,,
lmsw,FUNCTION,lmswInstr,Function description,PMInstr1,BYTE,0x0F 01 48,,
ltr,FUNCTION,ltrInstr,Function description,PMInstr2,BYTE,0x0F 00 24,,
sldt,FUNCTION,sldtInstr,Function description,PMInstr2,BYTE,0x0F 00 00,,
smsw,FUNCTION,smswInstr,Function description,PMInstr2,BYTE,0x0F 01 32,,
str,FUNCTION,strInstr,Function description,PMInstr2,BYTE,0x0F 0 8,,
verr,FUNCTION,verrInstr,Function description,PMInstr2,BYTE,0x0F 0 32,,
verw,FUNCTION,verwInstr,Function description,PMInstr2,BYTE,0x0F 0 40,,
lar,FUNCTION,larInstr,Function description,PMInstr3,BYTE,0x0F 0x02,,
lsl,FUNCTION,lslInstr,Function description,PMInstr3,BYTE,0x0F 0x03,,
pop,FUNCTION,popInstr,Function description,poppInstr,,,,
clflush,FUNCTION,clflushInstr,Function description,PrefetchPInstr,BYTE,0x0AE 56,,
prefetch,FUNCTION,prefetchInstr,Function description,PrefetchPInstr,BYTE,0x0D 0,,
prefetchnta,FUNCTION,prefetchntaInstr,Function description,PrefetchPInstr,BYTE,0x18 0,,
prefetcht0,FUNCTION,prefetcht0Instr,Function description,PrefetchPInstr,BYTE,0x18 8,,
prefetcht1,FUNCTION,prefetcht1Instr,Function description,PrefetchPInstr,BYTE,0x18 16,,
prefetcht2,FUNCTION,prefetcht2Instr,Function description,PrefetchPInstr,BYTE,0x18 24,,
prefetchw,FUNCTION,prefetchwInstr,Function description,PrefetchPInstr,BYTE,0x0D 16,,
public,FUNCTION,PublicDirective,Function description,PublicDirec,,,,
push,FUNCTION,pushInstr,Function description,pushpInstr,,,,
radix,FUNCTION,RadixDirective,Function description,RadixDirec,,,,
repeat,FUNCTION,RepeatDirective,Function description,RepeatDirec,,,,
rep,FUNCTION,repInstr,Function description,Repprefix,BYTE,0x0F3,,
repe,FUNCTION,repeInstr,Function description,Repprefix,BYTE,0x0F3,,
repne,FUNCTION,repneInstr,Function description,Repprefix,BYTE,0x0F2,,
repnz,FUNCTION,repnzInstr,Function description,Repprefix,BYTE,0x0F2,,
repz,FUNCTION,repzInstr,Function description,Repprefix,BYTE,0x0F3,,
resource,FUNCTION,ResourceDirective,Function description,ResourceDirec,WORD,(RCDefine),,
retfw,FUNCTION,retfwInstr,Function description,Ret16Instr,BYTE,0x0CB,,
retw,FUNCTION,retwInstr,Function description,Ret16Instr,BYTE,0x0C3,,
retd,FUNCTION,retdInstr,Function description,Ret32Instr,BYTE,0x0C3,,
retq,FUNCTION,retqInstr,Function description,Ret64Instr,BYTE,0x0C3,,
retfd,FUNCTION,retfdInstr,Function description,RetfP32Instr,BYTE,0x0CB,,
retfq,FUNCTION,retfqInstr,Function description,RetfP64Instr,BYTE,0x0CB,,
retf,FUNCTION,retfInstr,Function description,RetfPInstr,BYTE,0x0CB,,
ret,FUNCTION,retInstr,Function description,RetPInstr,BYTE,0x0C3,,
retn,FUNCTION,retnInstr,Function description,RetPInstr,BYTE,0x0C3,,
scas,FUNCTION,scasInstr,Function description,ScaSPInstr,,,,
section,FUNCTION,SegmentDirective,Function description,SegmentDirecNoLabel,WORD,(SegmentDirec),,
segment,FUNCTION,SegmentDirective,Function description,SegmentDirecNoLabel,WORD,(SegmentDirec),,
seta,FUNCTION,setaInstr,Function description,setInstr,BYTE,0x0F 0x97,,
setae,FUNCTION,setaeInstr,Function description,setInstr,BYTE,0x0F 0x93,,
setb,FUNCTION,setbInstr,Function description,setInstr,BYTE,0x0F 0x92,,
setbe,FUNCTION,setbeInstr,Function description,setInstr,BYTE,0x0F 0x96,,
setc,FUNCTION,setcInstr,Function description,setInstr,BYTE,0x0F 0x92,,
sete,FUNCTION,seteInstr,Function description,setInstr,BYTE,0x0F 0x94,,
setg,FUNCTION,setgInstr,Function description,setInstr,BYTE,0x0F 0x9F,,
setge,FUNCTION,setgeInstr,Function description,setInstr,BYTE,0x0F 0x9D,,
setl,FUNCTION,setlInstr,Function description,setInstr,BYTE,0x0F 0x9C,,
setle,FUNCTION,setleInstr,Function description,setInstr,BYTE,0x0F 0x9E,,
setna,FUNCTION,setnaInstr,Function description,setInstr,BYTE,0x0F 0x96,,
setnae,FUNCTION,setnaeInstr,Function description,setInstr,BYTE,0x0F 0x92,,
setnb,FUNCTION,setnbInstr,Function description,setInstr,BYTE,0x0F 0x93,,
setnbe,FUNCTION,setnbeInstr,Function description,setInstr,BYTE,0x0F 0x97,,
setnc,FUNCTION,setncInstr,Function description,setInstr,BYTE,0x0F 0x93,,
setne,FUNCTION,setneInstr,Function description,setInstr,BYTE,0x0F 0x95,,
setng,FUNCTION,setngInstr,Function description,setInstr,BYTE,0x0F 0x9E,,
setnge,FUNCTION,setngeInstr,Function description,setInstr,BYTE,0x0F 0x9C,,
setnl,FUNCTION,setnlInstr,Function description,setInstr,BYTE,0x0F 0x9D,,
setnle,FUNCTION,setnleInstr,Function description,setInstr,BYTE,0x0F 0x9F,,
setno,FUNCTION,setnoInstr,Function description,setInstr,BYTE,0x0F 0x91,,
setnp,FUNCTION,setnpInstr,Function description,setInstr,BYTE,0x0F 0x9B,,
setns,FUNCTION,setnsInstr,Function description,setInstr,BYTE,0x0F 0x99,,
setnz,FUNCTION,setnzInstr,Function description,setInstr,BYTE,0x0F 0x95,,
seto,FUNCTION,setoInstr,Function description,setInstr,BYTE,0x0F 0x90,,
setp,FUNCTION,setpInstr,Function description,setInstr,BYTE,0x0F 0x9A,,
setpe,FUNCTION,setpeInstr,Function description,setInstr,BYTE,0x0F 0x9A,,
setpo,FUNCTION,setpoInstr,Function description,setInstr,BYTE,0x0F 0x9B,,
sets,FUNCTION,setsInstr,Function description,setInstr,BYTE,0x0F 0x98,,
setz,FUNCTION,setzInstr,Function description,setInstr,BYTE,0x0F 0x94,,
rcl,FUNCTION,rclInstr,Function description,shiftInstr,BYTE,16,,
rcr,FUNCTION,rcrInstr,Function description,shiftInstr,BYTE,24,,
rol,FUNCTION,rolInstr,Function description,shiftInstr,BYTE,0,,
ror,FUNCTION,rorInstr,Function description,shiftInstr,BYTE,8,,
sal,FUNCTION,salInstr,Function description,shiftInstr,BYTE,32,,
sar,FUNCTION,sarInstr,Function description,shiftInstr,BYTE,56,,
shl,FUNCTION,shlInstr,Function description,shiftInstr,BYTE,32,,
shr,FUNCTION,shrInstr,Function description,shiftInstr,BYTE,40,,
shld,FUNCTION,shldInstr,Function description,shxdInstr,BYTE,0x0F 0x0A5,,
shrd,FUNCTION,shrdInstr,Function description,shxdInstr,BYTE,0x0F 0x0AD,,
div,FUNCTION,divInstr,Function description,SingleOp,BYTE,48,,
idiv,FUNCTION,idivInstr,Function description,SingleOp,BYTE,56,,
mul,FUNCTION,mulInstr,Function description,SingleOp,BYTE,32,,
neg,FUNCTION,negInstr,Function description,SingleOp,BYTE,24,,
not,FUNCTION,notInstr,Function description,SingleOp,BYTE,16,,
addpd,FUNCTION,addpdInstr,SSE/AVX Instruction,SSE_R_RM_Instr_Double,BYTE,0x02 0x0F 0x58,,
addps,FUNCTION,addpsInstr,SSE/AVX Instruction,SSE_R_RM_Instr_Single,BYTE,0x02 0x0F 0x58,,
addsubpd,FUNCTION,addsubpdInstr,SSE/AVX Instruction,SSE_R_RM_Instr_Double,BYTE,0x02 0x0F 0xD0,,
aesdec,FUNCTION,aesdecInstr,SSE/AVX Instruction,SSE_R_RM_Instr_Double,BYTE,0x03 0x0F 0x38 0xDE,,
aesdeclast,FUNCTION,aesdeclastInstr,SSE/AVX Instruction,SSE_R_RM_Instr_Double,BYTE,0x03 0x0F 0x38 0xDF,,
aesenc,FUNCTION,aesencInstr,SSE/AVX Instruction,SSE_R_RM_Instr_Double,BYTE,0x03 0x0F 0x38 0xDC,,
aesenclast,FUNCTION,aesenclastInstr,SSE/AVX Instruction,SSE_R_RM_Instr_Double,BYTE,0x03 0x0F 0x38 0xDD,,
aesimc,FUNCTION,aesimcInstr,SSE/AVX Instruction,SSE_R_RM_Instr_Double,BYTE,0x03 0x0F 0x38 0xDB,,
aeskeygenassist,FUNCTION,aeskeygenassistInstr,SSE/AVX Instruction,SSE_R_RM_Imm8_Instr_Double,BYTE,0x03 0x0F 0x3A 0xDF,,
andnpd,FUNCTION,andnpdInstr,SSE/AVX Instruction,SSE_R_RM_Instr_Double,BYTE,0x02 0x0F 0x55,,
andnps,FUNCTION,andnpsInstr,SSE/AVX Instruction,SSE_R_RM_Instr_Single,BYTE,0x02 0x0F 0x55,,
andpd,FUNCTION,andpdInstr,SSE/AVX Instruction,SSE_R_RM_Instr_Double,BYTE,0x02 0x0F 0x54,,
andps,FUNCTION,andpsInstr,SSE/AVX Instruction,SSE_R_RM_Instr_Single,BYTE,0x02 0x0F 0x54,,
blendpd,FUNCTION,blendpdInstr,SSE/AVX Instruction,SSE_R_RM_Imm8_Instr_Double,BYTE,0x03 0x0F 0x3A 0x0D,,
blendps,FUNCTION,blendpsInstr,SSE/AVX Instruction,SSE_R_RM_Imm8_Instr_Double,BYTE,0x03 0x0F 0x3A 0x0C,,
blendvpd,FUNCTION,blendvpdInstr,SSE/AVX Instruction,SSE_R_RM_Instr_Double,BYTE,0x03 0x0F 0x38 0x15,,
blendvps,FUNCTION,blendvpsInstr,SSE/AVX Instruction,SSE_R_RM_Instr_Double,BYTE,0x03 0x0F 0x38 0x14,,
cmpeqpd,FUNCTION,cmpeqpdInstr,Function description,SSEComparePD,BYTE,0x00,,
cmpeqps,FUNCTION,cmpeqpsInstr,Function description,SSEComparePS,BYTE,0x00,,
cmpeqsd,FUNCTION,cmpeqsdInstr,Function description,SSECompareSD,BYTE,0x00,,
cmpeqss,FUNCTION,cmpeqssInstr,Function description,SSECompareSS,BYTE,0x00,,
cmplepd,FUNCTION,cmplepdInstr,Function description,SSEComparePD,BYTE,0x01,,
cmpleps,FUNCTION,cmplepsInstr,Function description,SSEComparePS,BYTE,0x02,,
cmplesd,FUNCTION,cmplesdInstr,Function description,SSECompareSD,BYTE,0x01,,
cmpless,FUNCTION,cmplessInstr,Function description,SSECompareSS,BYTE,0x02,,
cmpltpd,FUNCTION,cmpltpdInstr,Function description,SSEComparePD,BYTE,0x02,,
cmpltps,FUNCTION,cmpltpsInstr,Function description,SSEComparePS,BYTE,0x01,,
cmpltsd,FUNCTION,cmpltsdInstr,Function description,SSECompareSD,BYTE,0x02,,
cmpltss,FUNCTION,cmpltssInstr,Function description,SSECompareSS,BYTE,0x01,,
cmpneqpd,FUNCTION,cmpneqpdInstr,Function description,SSEComparePD,BYTE,4,,
cmpneqps,FUNCTION,cmpneqpsInstr,Function description,SSEComparePS,BYTE,0x04,,
cmpneqsd,FUNCTION,cmpneqsdInstr,Function description,SSECompareSD,BYTE,4,,
cmpneqss,FUNCTION,cmpneqssInstr,Function description,SSECompareSS,BYTE,0x04,,
cmpnlepd,FUNCTION,cmpnlepdInstr,Function description,SSEComparePD,BYTE,6,,
cmpnleps,FUNCTION,cmpnlepsInstr,Function description,SSEComparePS,BYTE,0x06,,
cmpnlesd,FUNCTION,cmpnlesdInstr,Function description,SSECompareSD,BYTE,6,,
cmpnless,FUNCTION,cmpnlessInstr,Function description,SSECompareSS,BYTE,0x06,,
cmpnltpd,FUNCTION,cmpnltpdInstr,Function description,SSEComparePD,BYTE,5,,
cmpnltps,FUNCTION,cmpnltpsInstr,Function description,SSEComparePS,BYTE,0x05,,
cmpnltsd,FUNCTION,cmpnltsdInstr,Function description,SSECompareSD,BYTE,5,,
cmpnltss,FUNCTION,cmpnltssInstr,Function description,SSECompareSS,BYTE,0x05,,
cmpordpd,FUNCTION,cmpordpdInstr,Function description,SSEComparePD,BYTE,7,,
cmpordps,FUNCTION,cmpordpsInstr,Function description,SSEComparePS,BYTE,0x07,,
cmpordsd,FUNCTION,cmpordsdInstr,Function description,SSECompareSD,BYTE,7,,
cmpordss,FUNCTION,cmpordssInstr,Function description,SSECompareSS,BYTE,0x07,,
cmpunordpd,FUNCTION,cmpunordpdInstr,Function description,SSEComparePD,BYTE,3,,
cmpunordps,FUNCTION,cmpunordpsInstr,Function description,SSEComparePS,BYTE,3,,
cmpunordsd,FUNCTION,cmpunordsdInstr,Function description,SSECompareSD,BYTE,3,,
cmpunordss,FUNCTION,cmpunordssInstr,Function description,SSECompareSS,BYTE,3,,
comisd,FUNCTION,comisdInstr,SSE/AVX Instruction,SSE_R_R128M64_Instr_Double,BYTE,0x02 0x0F 0x2F,,
cvtdq2ps,FUNCTION,cvtdq2psInstr,SSE/AVX Instruction,SSE_R_RM_Instr_Single,BYTE,0x02 0x0F 0x5B,,
cvtpd2pi,FUNCTION,cvtpd2piInstr,Function description,SSE_R64_RM_Instr,BYTE,0x03 0x66 0x0F 0x2D,,
cvtpd2ps,FUNCTION,cvtpd2psInstr,SSE/AVX Instruction,SSE_R_RM_Instr_Double,BYTE,0x02 0x0F 0x5A,,
cvtpi2pd,FUNCTION,cvtpi2pdInstr,Function description,SSE_R_RM64_Instr_Double,BYTE,0x02 0x0F 0x2A,,
cvtpi2ps,FUNCTION,cvtpi2psInstr,Function description,SSE_R_RM64_Instr_Single,BYTE,0x02 0x0F 0x2A,,
cvtps2pi,FUNCTION,cvtps2piInstr,Function description,SSE_R64_R128M64_Instr_Single,BYTE,0x02 0x0F 0x2D,,
cvttpd2pi,FUNCTION,cvttpd2piInstr,Function description,SSE_R64_RM_Instr,BYTE,0x03 0x66 0x0F 0x2C,,
cvttps2pi,FUNCTION,cvttps2piInstr,Function description,SSE_R64_R128M64_Instr_Single,BYTE,0x02 0x0F 0x2C,,
divpd,FUNCTION,divpdInstr,SSE/AVX Instruction,SSE_R_RM_Instr_Double,BYTE,0x02 0x0F 0x5E,,
divps,FUNCTION,divpsInstr,SSE/AVX Instruction,SSE_R_RM_Instr_Single,BYTE,0x02 0x0F 0x5E,,
dppd,FUNCTION,dppdInstr,SSE/AVX Instruction,SSE_R_RM_Imm8_Instr_Double,BYTE,0x03 0x0F 0x3A 0x41,,
dpps,FUNCTION,dppsInstr,SSE/AVX Instruction,SSE_R_RM_Imm8_Instr_Double,BYTE,0x03 0x0F 0x3A 0x40,,
extractps,FUNCTION,extractpsInstr,SSE/AVX Instruction,SSE_REG32M32_R_IMM8,BYTE,0x03 0x0F 0x3A 0x17,,
extrq,FUNCTION,extrqInstr,SSE/AVX Instruction,,,,,
fnstenvd,FUNCTION,fnstenvdInstr,Function description,,,,,
fstenvw,FUNCTION,fstenvwInstr,Function description,,,,,
haddpd,FUNCTION,haddpdInstr,SSE/AVX Instruction,SSE_R_RM_Instr_Double,BYTE,0x02 0x0F 0x7C,,
hsubpd,FUNCTION,hsubpdInstr,SSE/AVX Instruction,SSE_R_RM_Instr_Double,BYTE,0x02 0x0F 0x7D,,
insertps,FUNCTION,insertpsInstr,SSE/AVX Instruction,SSE_R_R128M32_Imm8_Instr_Double,BYTE,0x03 0x0F 0x3A 0x21,,
insertq,FUNCTION,insertqInstr,SSE/AVX Instruction,,,,,
lddqu,FUNCTION,lddquInstr,SSE/AVX Instruction,SSE_R_M_Instr,BYTE,0x03 0xF2 0x0F 0xF0,,
maxpd,FUNCTION,maxpdInstr,SSE/AVX Instruction,SSE_R_RM_Instr_Double,BYTE,0x02 0x0F 0x5F,,
maxps,FUNCTION,maxpsInstr,SSE/AVX Instruction,SSE_R_RM_Instr_Single,BYTE,0x02 0x0F 0x5F,,
minpd,FUNCTION,minpdInstr,SSE/AVX Instruction,SSE_R_RM_Instr_Double,BYTE,0x02 0x0F 0x5D,,
minps,FUNCTION,minpsInstr,SSE/AVX Instruction,SSE_R_RM_Instr_Single,BYTE,0x02 0x0F 0x5D,,
movapd,FUNCTION,movapdInstr,SSE/AVX Instruction,SSEDouble,BYTE,0x28 0x29,,
movaps,FUNCTION,movapsInstr,SSE/AVX Instruction,SSESingle,BYTE,0x28 0x29,,
movdqa,FUNCTION,movdqaInstr,SSE/AVX Instruction,SSEDouble,BYTE,0x6F 0x7F,,
movdqu,FUNCTION,movdquInstr,SSE/AVX Instruction,SSEUnaligned,BYTE,0x6F 0x7F,,
movhlps,FUNCTION,movhlpsInstr,SSE/AVX Instruction,SSE_R_R_Instr_Single,BYTE,0x02 0x0F 0x12,,
movmskpd,FUNCTION,movmskpdInstr,SSE/AVX Instruction,SSE_REG32REG64_R,BYTE,0x02 0x0F 0x50,,
movntdqa,FUNCTION,movntdqaInstr,SSE/AVX Instruction,SSE_R_RM_Instr_Double,BYTE,0x03 0x0F 0x38 0x2A,,
movntpd,FUNCTION,movntpdInstr,SSE/AVX Instruction,SSE_M_R_Instr_Double,BYTE,0x02 0x0F 0x2B,,
movntps,FUNCTION,movntpsInstr,SSE/AVX Instruction,SSE_M_R_Instr_Single,BYTE,0x02 0x0F 0x2B,,
movntsd,FUNCTION,movntsdInstr,SSE/AVX Instruction,SSE_M64_R,BYTE,0x03 0xF2 0x0F 0x2B,,
movntss,FUNCTION,movntssInstr,SSE/AVX Instruction,SSE_M32_R,BYTE,0x03 0xF3 0x0F 0x2B,,
movq2dq,FUNCTION,movq2dqInstr,Function description,SSE_R_R64,BYTE,0x03 0xF3 0x0F 0xD6,,
movss,FUNCTION,movssInstr,SSE/AVX Instruction,SSESS,BYTE,0x10 0x11,,
movupd,FUNCTION,movupdInstr,SSE/AVX Instruction,SSEDouble,BYTE,0x10 0x11,,
movups,FUNCTION,movupsInstr,SSE/AVX Instruction,SSESingle,BYTE,0x10 0x11,,
mpsadbw,FUNCTION,mpsadbwInstr,SSE/AVX Instruction,SSE_R_RM_Imm8_Instr_Double,BYTE,0x03 0x0F 0x3A 0x42,,
mulpd,FUNCTION,mulpdInstr,SSE/AVX Instruction,SSE_R_RM_Instr_Double,BYTE,0x02 0x0F 0x59,,
mulps,FUNCTION,mulpsInstr,SSE/AVX Instruction,SSE_R_RM_Instr_Single,BYTE,0x02 0x0F 0x59,,
orpd,FUNCTION,orpdInstr,SSE/AVX Instruction,SSE_R_RM_Instr_Double,BYTE,0x02 0x0F 0x56,,
orps,FUNCTION,orpsInstr,SSE/AVX Instruction,SSE_R_RM_Instr_Single,BYTE,0x02 0x0F 0x56,,
pabsb,FUNCTION,pabsbInstr,SSE/AVX Instruction,MMX_SSE_R_RM_Instr,BYTE,0x03 0x0F 0x38 0x1C,,
pabsd,FUNCTION,pabsdInstr,SSE/AVX Instruction,MMX_SSE_R_RM_Instr,BYTE,0x03 0x0F 0x38 0x1E,,
pabsw,FUNCTION,pabswInstr,SSE/AVX Instruction,MMX_SSE_R_RM_Instr,BYTE,0x03 0x0F 0x38 0x1D,,
packusdw,FUNCTION,packusdwInstr,SSE/AVX Instruction,SSE_R_RM_Instr_Double,BYTE,0x03 0x0F 0x38 0x2B,,
palignr,FUNCTION,palignrInstr,SSE/AVX Instruction,MMX_SSE_R_RM_Imm8_Instr_Double,BYTE,0x03 0x0F 0x3A 0x0F,,
pblendvb,FUNCTION,pblendvbInstr,SSE/AVX Instruction,SSE_R_RM_Instr_Double,BYTE,0x03 0x0F 0x38 0x10,,
pblendw,FUNCTION,pblendwInstr,SSE/AVX Instruction,SSE_R_RM_Imm8_Instr_Double,BYTE,0x03 0x0F 0x3A 0x0E,,
pclmulqdq,FUNCTION,pclmulqdqInstr,SSE/AVX Instruction,SSE_R_RM_Imm8_Instr_Double,BYTE,0x03 0x0F 0x3A 0x44,,
pcmpeqq,FUNCTION,pcmpeqqInstr,SSE/AVX Instruction,SSE_R_RM_Instr_Double,BYTE,0x03 0x0F 0x38 0x29,,
pcmpestri,FUNCTION,pcmpestriInstr,SSE/AVX Instruction,SSE_R_RM_Imm8_Instr_Double,BYTE,0x03 0x0F 0x3A 0x61,,
pcmpestrm,FUNCTION,pcmpestrmInstr,SSE/AVX Instruction,SSE_R_RM_Imm8_Instr_Double,BYTE,0x03 0x0F 0x3A 0x60,,
pcmpgtq,FUNCTION,pcmpgtqInstr,SSE/AVX Instruction,SSE_R_RM_Instr_Double,BYTE,0x03 0x0F 0x38 0x37,,
pcmpistri,FUNCTION,pcmpistriInstr,SSE/AVX Instruction,SSE_R_RM_Imm8_Instr_Double,BYTE,0x03 0x0F 0x3A 0x63,,
pcmpistrm,FUNCTION,pcmpistrmInstr,SSE/AVX Instruction,SSE_R_RM_Imm8_Instr_Double,BYTE,0x03 0x0F 0x3A 0x62,,
pextrb,FUNCTION,pextrbInstr,SSE/AVX Instruction,SSE_REG32REG64M8_R_Imm8,BYTE,0x04 0x0F 0x3A 0x14,,
pextrd,FUNCTION,pextrdInstr,SSE/AVX Instruction,SSE_R32M32_R_Imm8_Double,BYTE,0x03 0x0F 0x3A 0x16,,
pextrq,FUNCTION,pextrqInstr,SSE/AVX Instruction,SSE_R64M64_R_Imm8_Double,BYTE,0x03 0x0F 0x3A 0x16,,
phaddd,FUNCTION,phadddInstr,SSE/AVX Instruction,MMX_SSE_R_RM_Instr,BYTE,0x03 0x0F 0x38 0x02,,
phaddsw,FUNCTION,phaddswInstr,SSE/AVX Instruction,MMX_SSE_R_RM_Instr,BYTE,0x03 0x0F 0x38 0x03,,
phaddw,FUNCTION,phaddwInstr,SSE/AVX Instruction,MMX_SSE_R_RM_Instr,BYTE,0x03 0x0F 0x38 0x01,,
phminposuw,FUNCTION,phminposuwInstr,SSE/AVX Instruction,SSE_R_RM_Instr_Double,BYTE,0x03 0x0F 0x38 0x41,,
phsubd,FUNCTION,phsubdInstr,SSE/AVX Instruction,MMX_SSE_R_RM_Instr,BYTE,0x03 0x0F 0x38 0x06,,
phsubsw,FUNCTION,phsubswInstr,SSE/AVX Instruction,MMX_SSE_R_RM_Instr,BYTE,0x03 0x0F 0x38 0x07,,
phsubw,FUNCTION,phsubwInstr,SSE/AVX Instruction,MMX_SSE_R_RM_Instr,BYTE,0x03 0x0F 0x38 0x05,,
pinsrb,FUNCTION,pinsrbInstr,SSE/AVX Instruction,SSE_R_REG32M8_Imm8_Instr,BYTE,0x03 0x0F 0x3A 0x20,,
pinsrd,FUNCTION,pinsrdInstr,SSE/AVX Instruction,SSE_R_REG32M32_Imm8_Instr,BYTE,0x03 0x0F 0x3A 0x20,,
pinsrq,FUNCTION,pinsrqInstr,SSE/AVX Instruction,SSE_R_REGM64_Imm8_Instr,BYTE,0x03 0x0F 0x3A 0x22,,
pinsrw,FUNCTION,pinsrwInstr,SSE/AVX Instruction,MMX_SSE_R_REG32M16_Imm8_Instr,BYTE,0x02 0x0F 0xC4,,
pmaddubsw,FUNCTION,pmaddubswInstr,SSE/AVX Instruction,MMX_SSE_R_RM_Instr,BYTE,0x03 0x0F 0x38 0x04,,
pmaddwd,FUNCTION,pmaddwdInstr,SSE/AVX Instruction,MMX_SSE_R_RM_Instr,BYTE,0x02 0x0F 0xF5,,
pmaxsb,FUNCTION,pmaxsbInstr,SSE/AVX Instruction,SSE_R_RM_Instr_Double,BYTE,0x03 0x0F 0x38 0x3C,,
pmaxsd,FUNCTION,pmaxsdInstr,SSE/AVX Instruction,SSE_R_RM_Instr_Double,BYTE,0x03 0x0F 0x38 0x3D,,
pmaxud,FUNCTION,pmaxudInstr,SSE/AVX Instruction,SSE_R_RM_Instr_Double,BYTE,0x03 0x0F 0x38 0x3F,,
pmaxuw,FUNCTION,pmaxuwInstr,SSE/AVX Instruction,SSE_R_RM_Instr_Double,BYTE,0x03 0x0F 0x38 0x3E,,
pminsb,FUNCTION,pminsbInstr,SSE/AVX Instruction,SSE_R_RM_Instr_Double,BYTE,0x03 0x0F 0x38 0x38,,
pminsd,FUNCTION,pminsdInstr,SSE/AVX Instruction,SSE_R_RM_Instr_Double,BYTE,0x03 0x0F 0x38 0x39,,
pminud,FUNCTION,pminudInstr,SSE/AVX Instruction,SSE_R_RM_Instr_Double,BYTE,0x03 0x0F 0x38 0x3B,,
pminuw,FUNCTION,pminuwInstr,SSE/AVX Instruction,SSE_R_RM_Instr_Double,BYTE,0x03 0x0F 0x38 0x3A,,
pmovsxbd,FUNCTION,pmovsxbdInstr,SSE/AVX Instruction,SSE_R_R128M32_Instr_Double,BYTE,0x03 0x0F 0x38 0x21,,
pmovsxbq,FUNCTION,pmovsxbqInstr,SSE/AVX Instruction,SSE_R_R128M16_Instr_Double,BYTE,0x03 0x0F 0x38 0x22,,
pmovsxbw,FUNCTION,pmovsxbwInstr,SSE/AVX Instruction,SSE_R_R128M64_Instr_Double,BYTE,0x03 0x0F 0x38 0x20,,
pmovsxdq,FUNCTION,pmovsxdqInstr,SSE/AVX Instruction,SSE_R_R128M64_Instr_Double,BYTE,0x03 0x0F 0x38 0x25,,
pmovsxwd,FUNCTION,pmovsxwdInstr,SSE/AVX Instruction,SSE_R_R128M64_Instr_Double,BYTE,0x03 0x0F 0x38 0x23,,
pmovsxwq,FUNCTION,pmovsxwqInstr,SSE/AVX Instruction,SSE_R_R128M32_Instr_Double,BYTE,0x03 0x0F 0x38 0x24,,
pmovzxbd,FUNCTION,pmovzxbdInstr,SSE/AVX Instruction,SSE_R_R128M32_Instr_Double,BYTE,0x03 0x0F 0x38 0x31,,
pmovzxbq,FUNCTION,pmovzxbqInstr,SSE/AVX Instruction,SSE_R_R128M16_Instr_Double,BYTE,0x03 0x0F 0x38 0x32,,
pmovzxbw,FUNCTION,pmovzxbwInstr,SSE/AVX Instruction,SSE_R_R128M64_Instr_Double,BYTE,0x03 0x0F 0x38 0x30,,
pmovzxdq,FUNCTION,pmovzxdqInstr,SSE/AVX Instruction,SSE_R_R128M64_Instr_Double,BYTE,0x03 0x0F 0x38 0x35,,
pmovzxwd,FUNCTION,pmovzxwdInstr,SSE/AVX Instruction,SSE_R_R128M64_Instr_Double,BYTE,0x03 0x0F 0x38 0x33,,
pmovzxwq,FUNCTION,pmovzxwqInstr,SSE/AVX Instruction,SSE_R_R128M32_Instr_Double,BYTE,0x03 0x0F 0x38 0x34,,
pmuldq,FUNCTION,pmuldqInstr,SSE/AVX Instruction,SSE_R_RM_Instr_Double,BYTE,0x03 0x0F 0x38 0x28,,
pmulhrsw,FUNCTION,pmulhrswInstr,SSE/AVX Instruction,MMX_SSE_R_RM_Instr,BYTE,0x03 0x0F 0x38 0x0B,,
pmulld,FUNCTION,pmulldInstr,SSE/AVX Instruction,SSE_R_RM_Instr_Double,BYTE,0x03 0x0F 0x38 0x40,,
pshufb,FUNCTION,pshufbInstr,SSE/AVX Instruction,MMX_SSE_R_RM_Instr,BYTE,0x03 0x0F 0x38 0x00,,
psignb,FUNCTION,psignbInstr,SSE/AVX Instruction,MMX_SSE_R_RM_Instr,BYTE,0x03 0x0F 0x38 0x08,,
psignd,FUNCTION,psigndInstr,SSE/AVX Instruction,MMX_SSE_R_RM_Instr,BYTE,0x03 0x0F 0x38 0x0A,,
psignw,FUNCTION,psignwInstr,SSE/AVX Instruction,MMX_SSE_R_RM_Instr,BYTE,0x03 0x0F 0x38 0x09,,
pslld,FUNCTION,pslldInstr,SSE/AVX Instruction,SSEShift,BYTE,0x0F2 48,,
psllq,FUNCTION,psllqInstr,SSE/AVX Instruction,SSEShift,BYTE,0x0F3 48,,
psllw,FUNCTION,psllwInstr,SSE/AVX Instruction,SSEShift,BYTE,0x0F1 48,,
psrad,FUNCTION,psradInstr,SSE/AVX Instruction,SSEShift,BYTE,0x0E2 32,,
psraw,FUNCTION,psrawInstr,SSE/AVX Instruction,SSEShift,BYTE,0x0E1 32,,
psrld,FUNCTION,psrldInstr,SSE/AVX Instruction,SSEShift,BYTE,0x0D2 16,,
psrlq,FUNCTION,psrlqInstr,SSE/AVX Instruction,SSEShift,BYTE,0x0D3 16,,
psrlw,FUNCTION,psrlwInstr,SSE/AVX Instruction,SSEShift,BYTE,0x0D1 16,,
ptest,FUNCTION,ptestInstr,SSE/AVX Instruction,SSE_R_RM_Instr_Double,BYTE,0x03 0x0F 0x38 0x17,,
punpckhqdq,FUNCTION,punpckhqdqInstr,SSE/AVX Instruction,SSE_R_RM_Instr_Double,BYTE,0x02 0x0F 0x6D,,
punpcklqdq,FUNCTION,punpcklqdqInstr,SSE/AVX Instruction,SSE_R_RM_Instr_Double,BYTE,0x02 0x0F 0x6C,,
rcpps,FUNCTION,rcppsInstr,SSE/AVX Instruction,SSE_R_RM_Instr_Single,BYTE,0x02 0x0F 0x53,,
roundpd,FUNCTION,roundpdInstr,SSE/AVX Instruction,SSE_R_RM_Imm8_Instr_Double,BYTE,0x03 0x0F 0x3A 0x09,,
roundps,FUNCTION,roundpsInstr,SSE/AVX Instruction,SSE_R_RM_Imm8_Instr_Double,BYTE,0x03 0x0F 0x3A 0x08,,
roundsd,FUNCTION,roundsdInstr,SSE/AVX Instruction,SSE_R_R128M64_Imm8_Instr_Double,BYTE,0x03 0x0F 0x3A 0x0B,,
roundss,FUNCTION,roundssInstr,SSE/AVX Instruction,SSE_R_R128M32_Imm8_Instr_Double,BYTE,0x03 0x0F 0x3A 0x0A,,
rsqrtps,FUNCTION,rsqrtpsInstr,SSE/AVX Instruction,SSE_R_RM_Instr_Single,BYTE,0x02 0x0F 0x52,,
sha1msg1,FUNCTION,sha1msg1Instr,SSE/AVX Instruction,SSE_R_RM_Instr,BYTE,0x03 0x0F 0x38 0xC9,,
sha1msg2,FUNCTION,sha1msg2Instr,SSE/AVX Instruction,SSE_R_RM_Instr,BYTE,0x03 0x0F 0x38 0xCA,,
sha1nexte,FUNCTION,sha1nexteInstr,SSE/AVX Instruction,SSE_R_RM_Instr,BYTE,0x03 0x0F 0x38 0xC8,,
sha1rnds4,FUNCTION,sha1rnds4Instr,SSE/AVX Instruction,SSE_R_RM_Imm8_Instr,BYTE,0x03 0x0F 0x3A 0xCC,,
sha256msg1,FUNCTION,sha256msg1Instr,SSE/AVX Instruction,SSE_R_RM_Instr,BYTE,0x03 0x0F 0x38 0xCC,,
sha256msg2,FUNCTION,sha256msg2Instr,SSE/AVX Instruction,SSE_R_RM_Instr,BYTE,0x03 0x0F 0x38 0xCD,,
sha256rnds2,FUNCTION,sha256rnds2Instr,SSE/AVX Instruction,SSE_R_RM_Instr,BYTE,0x03 0x0F 0x38 0xCB,,
sqrtpd,FUNCTION,sqrtpdInstr,SSE/AVX Instruction,SSE_R_RM_Instr_Double,BYTE,0x02 0x0F 0x51,,
sqrtps,FUNCTION,sqrtpsInstr,SSE/AVX Instruction,SSE_R_RM_Instr_Single,BYTE,0x02 0x0F 0x51,,
stack,FUNCTION,StackDirective,Function description,StackDirec,,,,
stos,FUNCTION,stosInstr,Function description,StoSPInstr,,,,
subpd,FUNCTION,subpdInstr,SSE/AVX Instruction,SSE_R_RM_Instr_Double,BYTE,0x02 0x0F 0x5C,,
subps,FUNCTION,subpsInstr,SSE/AVX Instruction,SSE_R_RM_Instr_Single,BYTE,0x02 0x0F 0x5C,,
swapgs,FUNCTION,SwapGSInstr,Function description,SwapGSPInstr,,,,
test,FUNCTION,testInstr,Function description,testpInstr,,,,
typedef,FUNCTION,typedefDirective,Function description,TypeDefDirec,WORD,(TypeDefDirec),,
umov,FUNCTION,umovInstr,Function description,umovInstr,,,,
unpckhpd,FUNCTION,unpckhpdInstr,SSE/AVX Instruction,SSE_R_RM_Instr_Double,BYTE,0x02 0x0F 0x15,,
unpckhps,FUNCTION,unpckhpsInstr,SSE/AVX Instruction,SSE_R_RM_Instr_Single,BYTE,0x02 0x0F 0x15,,
unpcklpd,FUNCTION,unpcklpdInstr,SSE/AVX Instruction,SSE_R_RM_Instr_Double,BYTE,0x02 0x0F 0x14,,
unpcklps,FUNCTION,unpcklpsInstr,SSE/AVX Instruction,SSE_R_RM_Instr_Single,BYTE,0x02 0x0F 0x14,,
use16,FUNCTION,Use16Directive,Function description,Use16Direc,,,,
use32,FUNCTION,Use32Directive,Function description,Use32Direc,,,,
use64,FUNCTION,Use64Directive,Function description,Use64Direc,,,,
vaddpd,FUNCTION,vaddpdInstr,SSE/AVX Instruction,SSE_R_RM_AVX5_R_R_RM_Instr,BYTE,0x58,,
vaddps,FUNCTION,vaddpsInstr,SSE/AVX Instruction,SSE_AVX5_R_RxMxM32_WriteMask_Z,BYTE,0x02 0x0F 0x58,,
vaddsd,FUNCTION,vaddsdInstr,SSE/AVX Instruction,SSE_AVX5_R_RxM64_WriteMask_Z,BYTE,0x03 0xF2 0x0F 0x58,,
vaddss,FUNCTION,vaddssInstr,SSE/AVX Instruction,SSE_AVX5_R_RxM32_WriteMask_Z,BYTE,0x03 0xF3 0x0F 0x58,,
vaddsubpd,FUNCTION,vaddsubpdInstr,SSE/AVX Instruction,SSE_AVX_R_R_RM_Instr,BYTE,0x02 0x0F 0xD0,,
vaddsubps,FUNCTION,vaddsubpsInstr,SSE/AVX Instruction,SSE_AVX_R_R_RM_Instr,BYTE,0x03 0xF2 0x0F 0xD0,,
vaesdec,FUNCTION,vaesdecInstr,SSE/AVX Instruction,SSE_AVX5_R_R_RM_Instr_Double,BYTE,0x03 0x0F 0x38 0xDE,,
vaesdeclast,FUNCTION,vaesdeclastInstr,SSE/AVX Instruction,SSE_AVX5_R_R_RM_Instr_Double,BYTE,0x03 0x0F 0x38 0xDF,,
vaesenc,FUNCTION,vaesencInstr,SSE/AVX Instruction,SSE_AVX5_R_R_RM_Instr_Double,BYTE,0x03 0x0F 0x38 0xDC,,
vaesenclast,FUNCTION,vaesenclastInstr,SSE/AVX Instruction,SSE_AVX5_R_R_RM_Instr_Double,BYTE,0x03 0x0F 0x38 0xDD,,
vaesimc,FUNCTION,vaesimcInstr,SSE/AVX Instruction,SSE_AVX_R_RM_Instr_Double,BYTE,0x03 0x0F 0x38 0xDB,,
vaeskeygenassist,FUNCTION,vaeskeygenassistInstr,SSE/AVX Instruction,SSE_AVX_R128_R128M128_Instr_Double,BYTE,0x03 0x0F 0x3A 0xDF,,
vandnpd,FUNCTION,vandnpdInstr,SSE/AVX Instruction,SSE_AVX5_R_RxM64_WriteMask_Z,BYTE,0x03 0xF2 0x0F 0x55,,
vandnps,FUNCTION,vandnpsInstr,SSE/AVX Instruction,SSE_AVX5_R_RxMxM32_WriteMask_Z,BYTE,0x02 0x0F 0x55,,
vandpd,FUNCTION,vandpdInstr,SSE/AVX Instruction,SSE_AVX5_R_RxM64_WriteMask_Z,BYTE,0x03 0xF2 0x0F 0x54,,
vandps,FUNCTION,vandpsInstr,SSE/AVX Instruction,SSE_AVX5_R_RxMxM32_WriteMask_Z,BYTE,0x02 0x0F 0x54,,
vblendpd,FUNCTION,vblendpdInstr,SSE/AVX Instruction,SSE_AVX_R_R_RM_Imm8_Instr_Double,BYTE,0x03 0x0F 0x3A 0x0D,,
vblendps,FUNCTION,vblendpsInstr,SSE/AVX Instruction,SSE_AVX_R_R_RM_Imm8_Instr_Double,BYTE,0x03 0x0F 0x3A 0x0C,,
vblendvpd,FUNCTION,vblendvpdInstr,SSE/AVX Instruction,,,,,
vblendvps,FUNCTION,vblendvpsInstr,SSE/AVX Instruction,,,,,
vbroadcastf128,FUNCTION,vbroadcastf128Instr,SSE/AVX Instruction,,,,,
vbroadcasti128,FUNCTION,vbroadcasti128Instr,SSE/AVX Instruction,,,,,
vbroadcastsd,FUNCTION,vbroadcastsdInstr,SSE/AVX Instruction,,,,,
vbroadcastss,FUNCTION,vbroadcastssInstr,SSE/AVX Instruction,,,,,
vcmppd,FUNCTION,vcmppdInstr,SSE/AVX Instruction,AVX_R_R_RM___AVX5_km_R_RxMxM64_Imm8_Instr_Double,BYTE,0x02 0x0F 0xC2,,
vcmpps,FUNCTION,vcmppsInstr,SSE/AVX Instruction,AVX_R_R_RM___AVX5_km_R_RxMxM32_Imm8_Instr,BYTE,0x02 0x0F 0xC2,,
vcmpsd,FUNCTION,vcmpsdInstr,SSE/AVX Instruction,AVX_R128_R128_R128M64___AVX5_km_R128_R128M64_Imm8_Instr,BYTE,0x03 0xF2 0x0F 0xC2,,
vcmpss,FUNCTION,vcmpssInstr,SSE/AVX Instruction,AVX_R128_R128_R128M32___AVX5_km_R128_R128M32_Imm8_Instr,BYTE,0x03 0xF3 0x0F 0xC2,,
vcomisd,FUNCTION,vcomisdInstr,SSE/AVX Instruction,AVX_R128_R128M64_Instr_Double,BYTE,0x02 0x0F 0x2F,,
vcomiss,FUNCTION,vcomissInstr,SSE/AVX Instruction,AVX_R128_R128M32_Instr,BYTE,0x02 0x0F 0x2F,,
vcvtdq2pd,FUNCTION,vcvtdq2pdInstr,SSE/AVX Instruction,,,,,
vcvtdq2ps,FUNCTION,vcvtdq2psInstr,SSE/AVX Instruction,,,,,
vcvtpd2dq,FUNCTION,vcvtpd2dqInstr,SSE/AVX Instruction,,,,,
vcvtpd2ps,FUNCTION,vcvtpd2psInstr,SSE/AVX Instruction,,,,,
vcvtph2ps,FUNCTION,vcvtph2psInstr,SSE/AVX Instruction,,,,,
vcvtps2dq,FUNCTION,vcvtps2dqInstr,SSE/AVX Instruction,,,,,
vcvtps2pd,FUNCTION,vcvtps2pdInstr,SSE/AVX Instruction,,,,,
vcvtps2ph,FUNCTION,vcvtps2phInstr,SSE/AVX Instruction,,,,,
vcvtsd2si,FUNCTION,vcvtsd2siInstr,SSE/AVX Instruction,,,,,
vcvtsd2ss,FUNCTION,vcvtsd2ssInstr,SSE/AVX Instruction,,,,,
vcvtsi2sd,FUNCTION,vcvtsi2sdInstr,SSE/AVX Instruction,,,,,
vcvtsi2ss,FUNCTION,vcvtsi2ssInstr,SSE/AVX Instruction,,,,,
vcvtss2sd,FUNCTION,vcvtss2sdInstr,SSE/AVX Instruction,,,,,
vcvtss2si,FUNCTION,vcvtss2siInstr,SSE/AVX Instruction,,,,,
vcvttpd2dq,FUNCTION,vcvttpd2dqInstr,SSE/AVX Instruction,,,,,
vcvttps2dq,FUNCTION,vcvttps2dqInstr,SSE/AVX Instruction,,,,,
vcvttsd2si,FUNCTION,vcvttsd2siInstr,SSE/AVX Instruction,,,,,
vcvttss2si,FUNCTION,vcvttss2siInstr,SSE/AVX Instruction,,,,,
vdivpd,FUNCTION,vdivpdInstr,SSE/AVX Instruction,,,,,
vdivps,FUNCTION,vdivpsInstr,SSE/AVX Instruction,,,,,
vdivsd,FUNCTION,vdivsdInstr,SSE/AVX Instruction,,,,,
vdivss,FUNCTION,vdivssInstr,SSE/AVX Instruction,,,,,
vdppd,FUNCTION,vdppdInstr,SSE/AVX Instruction,,,,,
vdpps,FUNCTION,vdppsInstr,SSE/AVX Instruction,,,,,
vextractf128,FUNCTION,vextractf128Instr,SSE/AVX Instruction,,,,,
vextracti128,FUNCTION,vextracti128Instr,SSE/AVX Instruction,,,,,
vextractps,FUNCTION,vextractpsInstr,SSE/AVX Instruction,,,,,
vfmadd132pd,FUNCTION,vfmadd132pdInstr,SSE/AVX Instruction,,,,,
vfmadd132ps,FUNCTION,vfmadd132psInstr,SSE/AVX Instruction,,,,,
vfmadd132sd,FUNCTION,vfmadd132sdInstr,SSE/AVX Instruction,,,,,
vfmadd132ss,FUNCTION,vfmadd132ssInstr,SSE/AVX Instruction,,,,,
vfmadd213pd,FUNCTION,vfmadd213pdInstr,SSE/AVX Instruction,,,,,
vfmadd213ps,FUNCTION,vfmadd213psInstr,SSE/AVX Instruction,,,,,
vfmadd213sd,FUNCTION,vfmadd213sdInstr,SSE/AVX Instruction,,,,,
vfmadd213ss,FUNCTION,vfmadd213ssInstr,SSE/AVX Instruction,,,,,
vfmadd231pd,FUNCTION,vfmadd231pdInstr,SSE/AVX Instruction,,,,,
vfmadd231ps,FUNCTION,vfmadd231psInstr,SSE/AVX Instruction,,,,,
vfmadd231sd,FUNCTION,vfmadd231sdInstr,SSE/AVX Instruction,,,,,
vfmadd231ss,FUNCTION,vfmadd231ssInstr,SSE/AVX Instruction,,,,,
vfmaddpd,FUNCTION,vfmaddpdInstr,SSE/AVX Instruction,,,,,
vfmaddps,FUNCTION,vfmaddpsInstr,SSE/AVX Instruction,,,,,
vfmaddsd,FUNCTION,vfmaddsdInstr,SSE/AVX Instruction,,,,,
vfmaddss,FUNCTION,vfmaddssInstr,SSE/AVX Instruction,,,,,
vfmaddsub132pd,FUNCTION,vfmaddsub132pdInstr,SSE/AVX Instruction,,,,,
vfmaddsub132ps,FUNCTION,vfmaddsub132psInstr,SSE/AVX Instruction,,,,,
vfmaddsub213pd,FUNCTION,vfmaddsub213pdInstr,SSE/AVX Instruction,,,,,
vfmaddsub213ps,FUNCTION,vfmaddsub213psInstr,SSE/AVX Instruction,,,,,
vfmaddsub231pd,FUNCTION,vfmaddsub231pdInstr,SSE/AVX Instruction,,,,,
vfmaddsub231ps,FUNCTION,vfmaddsub231psInstr,SSE/AVX Instruction,,,,,
vfmaddsubpd,FUNCTION,vfmaddsubpdInstr,SSE/AVX Instruction,,,,,
vfmaddsubps,FUNCTION,vfmaddsubpsInstr,SSE/AVX Instruction,,,,,
vfmsub132pd,FUNCTION,vfmsub132pdInstr,SSE/AVX Instruction,,,,,
vfmsub132ps,FUNCTION,vfmsub132psInstr,SSE/AVX Instruction,,,,,
vfmsub132sd,FUNCTION,vfmsub132sdInstr,SSE/AVX Instruction,,,,,
vfmsub132ss,FUNCTION,vfmsub132ssInstr,SSE/AVX Instruction,,,,,
vfmsub213pd,FUNCTION,vfmsub213pdInstr,SSE/AVX Instruction,,,,,
vfmsub213ps,FUNCTION,vfmsub213psInstr,SSE/AVX Instruction,,,,,
vfmsub213sd,FUNCTION,vfmsub213sdInstr,SSE/AVX Instruction,,,,,
vfmsub213ss,FUNCTION,vfmsub213ssInstr,SSE/AVX Instruction,,,,,
vfmsub231pd,FUNCTION,vfmsub231pdInstr,SSE/AVX Instruction,,,,,
vfmsub231ps,FUNCTION,vfmsub231psInstr,SSE/AVX Instruction,,,,,
vfmsub231sd,FUNCTION,vfmsub231sdInstr,SSE/AVX Instruction,,,,,
vfmsub231ss,FUNCTION,vfmsub231ssInstr,SSE/AVX Instruction,,,,,
vfmsubadd132pd,FUNCTION,vfmsubadd132pdInstr,SSE/AVX Instruction,,,,,
vfmsubadd132ps,FUNCTION,vfmsubadd132psInstr,SSE/AVX Instruction,,,,,
vfmsubadd213pd,FUNCTION,vfmsubadd213pdInstr,SSE/AVX Instruction,,,,,
vfmsubadd213ps,FUNCTION,vfmsubadd213psInstr,SSE/AVX Instruction,,,,,
vfmsubadd231pd,FUNCTION,vfmsubadd231pdInstr,SSE/AVX Instruction,,,,,
vfmsubadd231ps,FUNCTION,vfmsubadd231psInstr,SSE/AVX Instruction,,,,,
vfmsubaddpd,FUNCTION,vfmsubaddpdInstr,SSE/AVX Instruction,,,,,
vfmsubaddps,FUNCTION,vfmsubaddpsInstr,SSE/AVX Instruction,,,,,
vfmsubpd,FUNCTION,vfmsubpdInstr,SSE/AVX Instruction,,,,,
vfmsubps,FUNCTION,vfmsubpsInstr,SSE/AVX Instruction,,,,,
vfmsubsd,FUNCTION,vfmsubsdInstr,SSE/AVX Instruction,,,,,
vfmsubss,FUNCTION,vfmsubssInstr,SSE/AVX Instruction,,,,,
vfnmadd132pd,FUNCTION,vfnmadd132pdInstr,SSE/AVX Instruction,,,,,
vfnmadd132ps,FUNCTION,vfnmadd132psInstr,SSE/AVX Instruction,,,,,
vfnmadd132sd,FUNCTION,vfnmadd132sdInstr,SSE/AVX Instruction,,,,,
vfnmadd132ss,FUNCTION,vfnmadd132ssInstr,SSE/AVX Instruction,,,,,
vfnmadd213pd,FUNCTION,vfnmadd213pdInstr,SSE/AVX Instruction,,,,,
vfnmadd213ps,FUNCTION,vfnmadd213psInstr,SSE/AVX Instruction,,,,,
vfnmadd213sd,FUNCTION,vfnmadd213sdInstr,SSE/AVX Instruction,,,,,
vfnmadd213ss,FUNCTION,vfnmadd213ssInstr,SSE/AVX Instruction,,,,,
vfnmadd231pd,FUNCTION,vfnmadd231pdInstr,SSE/AVX Instruction,,,,,
vfnmadd231ps,FUNCTION,vfnmadd231psInstr,SSE/AVX Instruction,,,,,
vfnmadd231sd,FUNCTION,vfnmadd231sdInstr,SSE/AVX Instruction,,,,,
vfnmadd231ss,FUNCTION,vfnmadd231ssInstr,SSE/AVX Instruction,,,,,
vfnmaddpd,FUNCTION,vfnmaddpdInstr,SSE/AVX Instruction,,,,,
vfnmaddps,FUNCTION,vfnmaddpsInstr,SSE/AVX Instruction,,,,,
vfnmaddsd,FUNCTION,vfnmaddsdInstr,SSE/AVX Instruction,,,,,
vfnmaddss,FUNCTION,vfnmaddssInstr,SSE/AVX Instruction,,,,,
vfnmsub132pd,FUNCTION,vfnmsub132pdInstr,SSE/AVX Instruction,,,,,
vfnmsub132ps,FUNCTION,vfnmsub132psInstr,SSE/AVX Instruction,,,,,
vfnmsub132sd,FUNCTION,vfnmsub132sdInstr,SSE/AVX Instruction,,,,,
vfnmsub132ss,FUNCTION,vfnmsub132ssInstr,SSE/AVX Instruction,,,,,
vfnmsub213pd,FUNCTION,vfnmsub213pdInstr,SSE/AVX Instruction,,,,,
vfnmsub213ps,FUNCTION,vfnmsub213psInstr,SSE/AVX Instruction,,,,,
vfnmsub213sd,FUNCTION,vfnmsub213sdInstr,SSE/AVX Instruction,,,,,
vfnmsub213ss,FUNCTION,vfnmsub213ssInstr,SSE/AVX Instruction,,,,,
vfnmsub231pd,FUNCTION,vfnmsub231pdInstr,SSE/AVX Instruction,,,,,
vfnmsub231ps,FUNCTION,vfnmsub231psInstr,SSE/AVX Instruction,,,,,
vfnmsub231sd,FUNCTION,vfnmsub231sdInstr,SSE/AVX Instruction,,,,,
vfnmsub231ss,FUNCTION,vfnmsub231ssInstr,SSE/AVX Instruction,,,,,
vfnmsubpd,FUNCTION,vfnmsubpdInstr,SSE/AVX Instruction,,,,,
vfnmsubps,FUNCTION,vfnmsubpsInstr,SSE/AVX Instruction,,,,,
vfnmsubsd,FUNCTION,vfnmsubsdInstr,SSE/AVX Instruction,,,,,
vfnmsubss,FUNCTION,vfnmsubssInstr,SSE/AVX Instruction,,,,,
vfrczpd,FUNCTION,vfrczpdInstr,SSE/AVX Instruction,,,,,
vfrczps,FUNCTION,vfrczpsInstr,SSE/AVX Instruction,,,,,
vfrczsd,FUNCTION,vfrczsdInstr,SSE/AVX Instruction,,,,,
vfrczss,FUNCTION,vfrczssInstr,SSE/AVX Instruction,,,,,
vgatherdpd,FUNCTION,vgatherdpdInstr,SSE/AVX Instruction,,,,,
vgatherdps,FUNCTION,vgatherdpsInstr,SSE/AVX Instruction,,,,,
vgatherqpd,FUNCTION,vgatherqpdInstr,SSE/AVX Instruction,,,,,
vgatherqps,FUNCTION,vgatherqpsInstr,SSE/AVX Instruction,,,,,
vhaddpd,FUNCTION,vhaddpdInstr,SSE/AVX Instruction,,,,,
vhaddps,FUNCTION,vhaddpsInstr,SSE/AVX Instruction,,,,,
vhsubpd,FUNCTION,vhsubpdInstr,SSE/AVX Instruction,,,,,
vhsubps,FUNCTION,vhsubpsInstr,SSE/AVX Instruction,,,,,
vinsertf128,FUNCTION,vinsertf128Instr,SSE/AVX Instruction,,,,,
vinserti128,FUNCTION,vinserti128Instr,SSE/AVX Instruction,,,,,
vinsertps,FUNCTION,vinsertpsInstr,SSE/AVX Instruction,,,,,
vlddqu,FUNCTION,vlddquInstr,SSE/AVX Instruction,,,,,
vldmxcsr,FUNCTION,vldmxcsrInstr,SSE/AVX Instruction,,,,,
vmaskmovdqu,FUNCTION,vmaskmovdquInstr,SSE/AVX Instruction,,,,,
vmaskmovpd,FUNCTION,vmaskmovpdInstr,SSE/AVX Instruction,,,,,
vmaskmovps,FUNCTION,vmaskmovpsInstr,SSE/AVX Instruction,,,,,
vmaxpd,FUNCTION,vmaxpdInstr,SSE/AVX Instruction,,,,,
vmaxps,FUNCTION,vmaxpsInstr,SSE/AVX Instruction,,,,,
vmaxsd,FUNCTION,vmaxsdInstr,SSE/AVX Instruction,,,,,
vmaxss,FUNCTION,vmaxssInstr,SSE/AVX Instruction,,,,,
vminpd,FUNCTION,vminpdInstr,SSE/AVX Instruction,,,,,
vminps,FUNCTION,vminpsInstr,SSE/AVX Instruction,,,,,
vminsd,FUNCTION,vminsdInstr,SSE/AVX Instruction,,,,,
vminss,FUNCTION,vminssInstr,SSE/AVX Instruction,,,,,
vmovapd,FUNCTION,vmovapdInstr,SSE/AVX Instruction,,,,,
vmovaps,FUNCTION,vmovapsInstr,SSE/AVX Instruction,,,,,
vmovd,FUNCTION,vmovdInstr,SSE/AVX Instruction,,,,,
vmovddup,FUNCTION,vmovddupInstr,SSE/AVX Instruction,,,,,
vmovdqa,FUNCTION,vmovdqaInstr,SSE/AVX Instruction,,,,,
vmovdqu,FUNCTION,vmovdquInstr,SSE/AVX Instruction,,,,,
vmovhlps,FUNCTION,vmovhlpsInstr,SSE/AVX Instruction,,,,,
vmovhpd,FUNCTION,vmovhpdInstr,SSE/AVX Instruction,,,,,
vmovhps,FUNCTION,vmovhpsInstr,SSE/AVX Instruction,,,,,
vmovlhps,FUNCTION,vmovlhpsInstr,SSE/AVX Instruction,,,,,
vmovlpd,FUNCTION,vmovlpdInstr,SSE/AVX Instruction,,,,,
vmovlps,FUNCTION,vmovlpsInstr,SSE/AVX Instruction,,,,,
vmovmskpd,FUNCTION,vmovmskpdInstr,SSE/AVX Instruction,,,,,
vmovmskps,FUNCTION,vmovmskpsInstr,SSE/AVX Instruction,,,,,
vmovntdq,FUNCTION,vmovntdqInstr,SSE/AVX Instruction,,,,,
vmovntdqa,FUNCTION,vmovntdqaInstr,SSE/AVX Instruction,,,,,
vmovntpd,FUNCTION,vmovntpdInstr,SSE/AVX Instruction,,,,,
vmovntps,FUNCTION,vmovntpsInstr,SSE/AVX Instruction,,,,,
vmovq,FUNCTION,vmovqInstr,SSE/AVX Instruction,,,,,
vmovsd,FUNCTION,vmovsdInstr,SSE/AVX Instruction,,,,,
vmovshdup,FUNCTION,vmovshdupInstr,SSE/AVX Instruction,,,,,
vmovsldup,FUNCTION,vmovsldupInstr,SSE/AVX Instruction,,,,,
vmovss,FUNCTION,vmovssInstr,SSE/AVX Instruction,,,,,
vmovupd,FUNCTION,vmovupdInstr,SSE/AVX Instruction,,,,,
vmovups,FUNCTION,vmovupsInstr,SSE/AVX Instruction,,,,,
vmpsadbw,FUNCTION,vmpsadbwInstr,SSE/AVX Instruction,,,,,
vmulpd,FUNCTION,vmulpdInstr,SSE/AVX Instruction,,,,,
vmulps,FUNCTION,vmulpsInstr,SSE/AVX Instruction,,,,,
vmulsd,FUNCTION,vmulsdInstr,SSE/AVX Instruction,,,,,
vmulss,FUNCTION,vmulssInstr,SSE/AVX Instruction,,,,,
vorpd,FUNCTION,vorpdInstr,SSE/AVX Instruction,,,,,
vorps,FUNCTION,vorpsInstr,SSE/AVX Instruction,,,,,
vpabsb,FUNCTION,vpabsbInstr,SSE/AVX Instruction,,,,,
vpabsd,FUNCTION,vpabsdInstr,SSE/AVX Instruction,,,,,
vpabsw,FUNCTION,vpabswInstr,SSE/AVX Instruction,,,,,
vpackssdw,FUNCTION,vpackssdwInstr,SSE/AVX Instruction,,,,,
vpacksswb,FUNCTION,vpacksswbInstr,SSE/AVX Instruction,,,,,
vpackusdw,FUNCTION,vpackusdwInstr,SSE/AVX Instruction,,,,,
vpackuswb,FUNCTION,vpackuswbInstr,SSE/AVX Instruction,,,,,
vpaddb,FUNCTION,vpaddbInstr,SSE/AVX Instruction,,,,,
vpaddd,FUNCTION,vpadddInstr,SSE/AVX Instruction,,,,,
vpaddq,FUNCTION,vpaddqInstr,SSE/AVX Instruction,,,,,
vpaddsb,FUNCTION,vpaddsbInstr,SSE/AVX Instruction,,,,,
vpaddsw,FUNCTION,vpaddswInstr,SSE/AVX Instruction,,,,,
vpaddusb,FUNCTION,vpaddusbInstr,SSE/AVX Instruction,,,,,
vpaddusw,FUNCTION,vpadduswInstr,SSE/AVX Instruction,,,,,
vpaddw,FUNCTION,vpaddwInstr,SSE/AVX Instruction,,,,,
vpalignr,FUNCTION,vpalignrInstr,SSE/AVX Instruction,,,,,
vpand,FUNCTION,vpandInstr,SSE/AVX Instruction,,,,,
vpandn,FUNCTION,vpandnInstr,SSE/AVX Instruction,,,,,
vpavgb,FUNCTION,vpavgbInstr,SSE/AVX Instruction,,,,,
vpavgw,FUNCTION,vpavgwInstr,SSE/AVX Instruction,,,,,
vpblendd,FUNCTION,vpblenddInstr,SSE/AVX Instruction,,,,,
vpblendvb,FUNCTION,vpblendvbInstr,SSE/AVX Instruction,,,,,
vpblendw,FUNCTION,vpblendwInstr,SSE/AVX Instruction,,,,,
vpbroadcastb,FUNCTION,vpbroadcastbInstr,SSE/AVX Instruction,,,,,
vpbroadcastd,FUNCTION,vpbroadcastdInstr,SSE/AVX Instruction,,,,,
vpbroadcastq,FUNCTION,vpbroadcastqInstr,SSE/AVX Instruction,,,,,
vpbroadcastw,FUNCTION,vpbroadcastwInstr,SSE/AVX Instruction,,,,,
vpclmulqdq,FUNCTION,vpclmulqdqInstr,SSE/AVX Instruction,,,,,
vpcmov,FUNCTION,vpcmovInstr,SSE/AVX Instruction,,,,,
vpcmpeqb,FUNCTION,vpcmpeqbInstr,SSE/AVX Instruction,,,,,
vpcmpeqd,FUNCTION,vpcmpeqdInstr,SSE/AVX Instruction,,,,,
vpcmpeqq,FUNCTION,vpcmpeqqInstr,SSE/AVX Instruction,,,,,
vpcmpeqw,FUNCTION,vpcmpeqwInstr,SSE/AVX Instruction,,,,,
vpcmpestri,FUNCTION,vpcmpestriInstr,SSE/AVX Instruction,,,,,
vpcmpestrm,FUNCTION,vpcmpestrmInstr,SSE/AVX Instruction,,,,,
vpcmpgtb,FUNCTION,vpcmpgtbInstr,SSE/AVX Instruction,,,,,
vpcmpgtd,FUNCTION,vpcmpgtdInstr,SSE/AVX Instruction,,,,,
vpcmpgtq,FUNCTION,vpcmpgtqInstr,SSE/AVX Instruction,,,,,
vpcmpgtw,FUNCTION,vpcmpgtwInstr,SSE/AVX Instruction,,,,,
vpcmpistri,FUNCTION,vpcmpistriInstr,SSE/AVX Instruction,,,,,
vpcmpistrm,FUNCTION,vpcmpistrmInstr,SSE/AVX Instruction,,,,,
vpcomb,FUNCTION,vpcombInstr,SSE/AVX Instruction,,,,,
vpcomd,FUNCTION,vpcomdInstr,SSE/AVX Instruction,,,,,
vpcomq,FUNCTION,vpcomqInstr,SSE/AVX Instruction,,,,,
vpcomub,FUNCTION,vpcomubInstr,SSE/AVX Instruction,,,,,
vpcomud,FUNCTION,vpcomudInstr,SSE/AVX Instruction,,,,,
vpcomuq,FUNCTION,vpcomuqInstr,SSE/AVX Instruction,,,,,
vpcomuw,FUNCTION,vpcomuwInstr,SSE/AVX Instruction,,,,,
vpcomw,FUNCTION,vpcomwInstr,SSE/AVX Instruction,,,,,
vperm2f128,FUNCTION,vperm2f128Instr,SSE/AVX Instruction,,,,,
vperm2i128,FUNCTION,vperm2i128Instr,SSE/AVX Instruction,,,,,
vpermd,FUNCTION,vpermdInstr,SSE/AVX Instruction,,,,,
vpermil2pd,FUNCTION,vpermil2pdInstr,SSE/AVX Instruction,,,,,
vpermil2ps,FUNCTION,vpermil2psInstr,SSE/AVX Instruction,,,,,
vpermilpd,FUNCTION,vpermilpdInstr,SSE/AVX Instruction,,,,,
vpermilps,FUNCTION,vpermilpsInstr,SSE/AVX Instruction,,,,,
vpermpd,FUNCTION,vpermpdInstr,SSE/AVX Instruction,,,,,
vpermps,FUNCTION,vpermpsInstr,SSE/AVX Instruction,,,,,
vpermq,FUNCTION,vpermqInstr,SSE/AVX Instruction,,,,,
vpextrb,FUNCTION,vpextrbInstr,SSE/AVX Instruction,,,,,
vpextrd,FUNCTION,vpextrdInstr,SSE/AVX Instruction,,,,,
vpextrq,FUNCTION,vpextrqInstr,SSE/AVX Instruction,,,,,
vpextrw,FUNCTION,vpextrwInstr,SSE/AVX Instruction,,,,,
vpgatherdd,FUNCTION,vpgatherddInstr,SSE/AVX Instruction,,,,,
vpgatherdq,FUNCTION,vpgatherdqInstr,SSE/AVX Instruction,,,,,
vpgatherqd,FUNCTION,vpgatherqdInstr,SSE/AVX Instruction,,,,,
vpgatherqq,FUNCTION,vpgatherqqInstr,SSE/AVX Instruction,,,,,
vphaddbd,FUNCTION,vphaddbdInstr,SSE/AVX Instruction,,,,,
vphaddbq,FUNCTION,vphaddbqInstr,SSE/AVX Instruction,,,,,
vphaddbw,FUNCTION,vphaddbwInstr,SSE/AVX Instruction,,,,,
vphaddd,FUNCTION,vphadddInstr,SSE/AVX Instruction,,,,,
vphadddq,FUNCTION,vphadddqInstr,SSE/AVX Instruction,,,,,
vphaddsw,FUNCTION,vphaddswInstr,SSE/AVX Instruction,,,,,
vphaddubd,FUNCTION,vphaddubdInstr,SSE/AVX Instruction,,,,,
vphaddubq,FUNCTION,vphaddubqInstr,SSE/AVX Instruction,,,,,
vphaddubw,FUNCTION,vphaddubwInstr,SSE/AVX Instruction,,,,,
vphaddudq,FUNCTION,vphaddudqInstr,SSE/AVX Instruction,,,,,
vphadduwd,FUNCTION,vphadduwdInstr,SSE/AVX Instruction,,,,,
vphadduwq,FUNCTION,vphadduwqInstr,SSE/AVX Instruction,,,,,
vphaddw,FUNCTION,vphaddwInstr,SSE/AVX Instruction,,,,,
vphaddwd,FUNCTION,vphaddwdInstr,SSE/AVX Instruction,,,,,
vphaddwq,FUNCTION,vphaddwqInstr,SSE/AVX Instruction,,,,,
vphminposuw,FUNCTION,vphminposuwInstr,SSE/AVX Instruction,,,,,
vphsubbw,FUNCTION,vphsubbwInstr,SSE/AVX Instruction,,,,,
vphsubd,FUNCTION,vphsubdInstr,SSE/AVX Instruction,,,,,
vphsubdq,FUNCTION,vphsubdqInstr,SSE/AVX Instruction,,,,,
vphsubsw,FUNCTION,vphsubswInstr,SSE/AVX Instruction,,,,,
vphsubw,FUNCTION,vphsubwInstr,SSE/AVX Instruction,,,,,
vphsubwd,FUNCTION,vphsubwdInstr,SSE/AVX Instruction,,,,,
vpinsrb,FUNCTION,vpinsrbInstr,SSE/AVX Instruction,,,,,
vpinsrd,FUNCTION,vpinsrdInstr,SSE/AVX Instruction,,,,,
vpinsrq,FUNCTION,vpinsrqInstr,SSE/AVX Instruction,,,,,
vpinsrw,FUNCTION,vpinsrwInstr,SSE/AVX Instruction,,,,,
vpmacsdd,FUNCTION,vpmacsddInstr,SSE/AVX Instruction,,,,,
vpmacsdqh,FUNCTION,vpmacsdqhInstr,SSE/AVX Instruction,,,,,
vpmacsdql,FUNCTION,vpmacsdqlInstr,SSE/AVX Instruction,,,,,
vpmacssdd,FUNCTION,vpmacssddInstr,SSE/AVX Instruction,,,,,
vpmacssdqh,FUNCTION,vpmacssdqhInstr,SSE/AVX Instruction,,,,,
vpmacssdql,FUNCTION,vpmacssdqlInstr,SSE/AVX Instruction,,,,,
vpmacsswd,FUNCTION,vpmacsswdInstr,SSE/AVX Instruction,,,,,
vpmacssww,FUNCTION,vpmacsswwInstr,SSE/AVX Instruction,,,,,
vpmacswd,FUNCTION,vpmacswdInstr,SSE/AVX Instruction,,,,,
vpmacsww,FUNCTION,vpmacswwInstr,SSE/AVX Instruction,,,,,
vpmadcsswd,FUNCTION,vpmadcsswdInstr,SSE/AVX Instruction,,,,,
vpmadcswd,FUNCTION,vpmadcswdInstr,SSE/AVX Instruction,,,,,
vpmaddubsw,FUNCTION,vpmaddubswInstr,SSE/AVX Instruction,,,,,
vpmaddwd,FUNCTION,vpmaddwdInstr,SSE/AVX Instruction,,,,,
vpmaskmovd,FUNCTION,vpmaskmovdInstr,SSE/AVX Instruction,,,,,
vpmaskmovq,FUNCTION,vpmaskmovqInstr,SSE/AVX Instruction,,,,,
vpmaxsb,FUNCTION,vpmaxsbInstr,SSE/AVX Instruction,,,,,
vpmaxsd,FUNCTION,vpmaxsdInstr,SSE/AVX Instruction,,,,,
vpmaxsw,FUNCTION,vpmaxswInstr,SSE/AVX Instruction,,,,,
vpmaxub,FUNCTION,vpmaxubInstr,SSE/AVX Instruction,,,,,
vpmaxud,FUNCTION,vpmaxudInstr,SSE/AVX Instruction,,,,,
vpmaxuw,FUNCTION,vpmaxuwInstr,SSE/AVX Instruction,,,,,
vpminsb,FUNCTION,vpminsbInstr,SSE/AVX Instruction,,,,,
vpminsd,FUNCTION,vpminsdInstr,SSE/AVX Instruction,,,,,
vpminsw,FUNCTION,vpminswInstr,SSE/AVX Instruction,,,,,
vpminub,FUNCTION,vpminubInstr,SSE/AVX Instruction,,,,,
vpminud,FUNCTION,vpminudInstr,SSE/AVX Instruction,,,,,
vpminuw,FUNCTION,vpminuwInstr,SSE/AVX Instruction,,,,,
vpmovmskb,FUNCTION,vpmovmskbInstr,SSE/AVX Instruction,,,,,
vpmovsxbd,FUNCTION,vpmovsxbdInstr,SSE/AVX Instruction,,,,,
vpmovsxbq,FUNCTION,vpmovsxbqInstr,SSE/AVX Instruction,,,,,
vpmovsxbw,FUNCTION,vpmovsxbwInstr,SSE/AVX Instruction,,,,,
vpmovsxdq,FUNCTION,vpmovsxdqInstr,SSE/AVX Instruction,,,,,
vpmovsxwd,FUNCTION,vpmovsxwdInstr,SSE/AVX Instruction,,,,,
vpmovsxwq,FUNCTION,vpmovsxwqInstr,SSE/AVX Instruction,,,,,
vpmovzxbd,FUNCTION,vpmovzxbdInstr,SSE/AVX Instruction,,,,,
vpmovzxbq,FUNCTION,vpmovzxbqInstr,SSE/AVX Instruction,,,,,
vpmovzxbw,FUNCTION,vpmovzxbwInstr,SSE/AVX Instruction,,,,,
vpmovzxdq,FUNCTION,vpmovzxdqInstr,SSE/AVX Instruction,,,,,
vpmovzxwd,FUNCTION,vpmovzxwdInstr,SSE/AVX Instruction,,,,,
vpmovzxwq,FUNCTION,vpmovzxwqInstr,SSE/AVX Instruction,,,,,
vpmuldq,FUNCTION,vpmuldqInstr,SSE/AVX Instruction,,,,,
vpmulhrsw,FUNCTION,vpmulhrswInstr,SSE/AVX Instruction,,,,,
vpmulhuw,FUNCTION,vpmulhuwInstr,SSE/AVX Instruction,,,,,
vpmulhw,FUNCTION,vpmulhwInstr,SSE/AVX Instruction,,,,,
vpmulld,FUNCTION,vpmulldInstr,SSE/AVX Instruction,,,,,
vpmullw,FUNCTION,vpmullwInstr,SSE/AVX Instruction,,,,,
vpmuludq,FUNCTION,vpmuludqInstr,SSE/AVX Instruction,,,,,
vpor,FUNCTION,vporInstr,SSE/AVX Instruction,,,,,
vpperm,FUNCTION,vppermInstr,SSE/AVX Instruction,,,,,
vprotb,FUNCTION,vprotbInstr,SSE/AVX Instruction,,,,,
vprotd,FUNCTION,vprotdInstr,SSE/AVX Instruction,,,,,
vprotq,FUNCTION,vprotqInstr,SSE/AVX Instruction,,,,,
vprotw,FUNCTION,vprotwInstr,SSE/AVX Instruction,,,,,
vpsadbw,FUNCTION,vpsadbwInstr,SSE/AVX Instruction,,,,,
vpshab,FUNCTION,vpshabInstr,SSE/AVX Instruction,,,,,
vpshad,FUNCTION,vpshadInstr,SSE/AVX Instruction,,,,,
vpshaq,FUNCTION,vpshaqInstr,SSE/AVX Instruction,,,,,
vpshaw,FUNCTION,vpshawInstr,SSE/AVX Instruction,,,,,
vpshlb,FUNCTION,vpshlbInstr,SSE/AVX Instruction,,,,,
vpshld,FUNCTION,vpshldInstr,SSE/AVX Instruction,,,,,
vpshlq,FUNCTION,vpshlqInstr,SSE/AVX Instruction,,,,,
vpshlw,FUNCTION,vpshlwInstr,SSE/AVX Instruction,,,,,
vpshufb,FUNCTION,vpshufbInstr,SSE/AVX Instruction,,,,,
vpshufd,FUNCTION,vpshufdInstr,SSE/AVX Instruction,,,,,
vpshufhw,FUNCTION,vpshufhwInstr,SSE/AVX Instruction,,,,,
vpshuflw,FUNCTION,vpshuflwInstr,SSE/AVX Instruction,,,,,
vpsignb,FUNCTION,vpsignbInstr,SSE/AVX Instruction,,,,,
vpsignd,FUNCTION,vpsigndInstr,SSE/AVX Instruction,,,,,
vpsignw,FUNCTION,vpsignwInstr,SSE/AVX Instruction,,,,,
vpslld,FUNCTION,vpslldInstr,SSE/AVX Instruction,,,,,
vpslldq,FUNCTION,vpslldqInstr,SSE/AVX Instruction,,,,,
vpsllq,FUNCTION,vpsllqInstr,SSE/AVX Instruction,,,,,
vpsllvd,FUNCTION,vpsllvdInstr,SSE/AVX Instruction,,,,,
vpsllvq,FUNCTION,vpsllvqInstr,SSE/AVX Instruction,,,,,
vpsllw,FUNCTION,vpsllwInstr,SSE/AVX Instruction,,,,,
vpsrad,FUNCTION,vpsradInstr,SSE/AVX Instruction,,,,,
vpsravd,FUNCTION,vpsravdInstr,SSE/AVX Instruction,,,,,
vpsraw,FUNCTION,vpsrawInstr,SSE/AVX Instruction,,,,,
vpsrld,FUNCTION,vpsrldInstr,SSE/AVX Instruction,,,,,
vpsrldq,FUNCTION,vpsrldqInstr,SSE/AVX Instruction,,,,,
vpsrlq,FUNCTION,vpsrlqInstr,SSE/AVX Instruction,,,,,
vpsrlvd,FUNCTION,vpsrlvdInstr,SSE/AVX Instruction,,,,,
vpsrlvq,FUNCTION,vpsrlvqInstr,SSE/AVX Instruction,,,,,
vpsrlw,FUNCTION,vpsrlwInstr,SSE/AVX Instruction,,,,,
vpsubb,FUNCTION,vpsubbInstr,SSE/AVX Instruction,,,,,
vpsubd,FUNCTION,vpsubdInstr,SSE/AVX Instruction,,,,,
vpsubq,FUNCTION,vpsubqInstr,SSE/AVX Instruction,,,,,
vpsubsb,FUNCTION,vpsubsbInstr,SSE/AVX Instruction,,,,,
vpsubsw,FUNCTION,vpsubswInstr,SSE/AVX Instruction,,,,,
vpsubusb,FUNCTION,vpsubusbInstr,SSE/AVX Instruction,,,,,
vpsubusw,FUNCTION,vpsubuswInstr,SSE/AVX Instruction,,,,,
vpsubw,FUNCTION,vpsubwInstr,SSE/AVX Instruction,,,,,
vptest,FUNCTION,vptestInstr,SSE/AVX Instruction,,,,,
vpunpckhbw,FUNCTION,vpunpckhbwInstr,SSE/AVX Instruction,,,,,
vpunpckhdq,FUNCTION,vpunpckhdqInstr,SSE/AVX Instruction,,,,,
vpunpckhqdq,FUNCTION,vpunpckhqdqInstr,SSE/AVX Instruction,,,,,
vpunpckhwd,FUNCTION,vpunpckhwdInstr,SSE/AVX Instruction,,,,,
vpunpcklbw,FUNCTION,vpunpcklbwInstr,SSE/AVX Instruction,,,,,
vpunpckldq,FUNCTION,vpunpckldqInstr,SSE/AVX Instruction,,,,,
vpunpcklqdq,FUNCTION,vpunpcklqdqInstr,SSE/AVX Instruction,,,,,
vpunpcklwd,FUNCTION,vpunpcklwdInstr,SSE/AVX Instruction,,,,,
vpxor,FUNCTION,vpxorInstr,SSE/AVX Instruction,,,,,
vrcpps,FUNCTION,vrcppsInstr,SSE/AVX Instruction,,,,,
vrcpss,FUNCTION,vrcpssInstr,SSE/AVX Instruction,,,,,
vroundpd,FUNCTION,vroundpdInstr,SSE/AVX Instruction,,,,,
vroundps,FUNCTION,vroundpsInstr,SSE/AVX Instruction,,,,,
vroundsd,FUNCTION,vroundsdInstr,SSE/AVX Instruction,,,,,
vroundss,FUNCTION,vroundssInstr,SSE/AVX Instruction,,,,,
vrsqrtps,FUNCTION,vrsqrtpsInstr,SSE/AVX Instruction,,,,,
vrsqrtss,FUNCTION,vrsqrtssInstr,SSE/AVX Instruction,,,,,
vshufpd,FUNCTION,vshufpdInstr,SSE/AVX Instruction,,,,,
vshufps,FUNCTION,vshufpsInstr,SSE/AVX Instruction,,,,,
vsqrtpd,FUNCTION,vsqrtpdInstr,SSE/AVX Instruction,,,,,
vsqrtps,FUNCTION,vsqrtpsInstr,SSE/AVX Instruction,,,,,
vsqrtsd,FUNCTION,vsqrtsdInstr,SSE/AVX Instruction,,,,,
vsqrtss,FUNCTION,vsqrtssInstr,SSE/AVX Instruction,,,,,
vstmxcsr,FUNCTION,vstmxcsrInstr,SSE/AVX Instruction,,,,,
vsubpd,FUNCTION,vsubpdInstr,SSE/AVX Instruction,,,,,
vsubps,FUNCTION,vsubpsInstr,SSE/AVX Instruction,,,,,
vsubsd,FUNCTION,vsubsdInstr,SSE/AVX Instruction,,,,,
vsubss,FUNCTION,vsubssInstr,SSE/AVX Instruction,,,,,
vtestpd,FUNCTION,vtestpdInstr,SSE/AVX Instruction,,,,,
vtestps,FUNCTION,vtestpsInstr,SSE/AVX Instruction,,,,,
vucomisd,FUNCTION,vucomisdInstr,SSE/AVX Instruction,,,,,
vucomiss,FUNCTION,vucomissInstr,SSE/AVX Instruction,,,,,
vunpckhpd,FUNCTION,vunpckhpdInstr,SSE/AVX Instruction,,,,,
vunpckhps,FUNCTION,vunpckhpsInstr,SSE/AVX Instruction,,,,,
vunpcklpd,FUNCTION,vunpcklpdInstr,SSE/AVX Instruction,,,,,
vunpcklps,FUNCTION,vunpcklpsInstr,SSE/AVX Instruction,,,,,
vxorpd,FUNCTION,vxorpdInstr,SSE/AVX Instruction,,,,,
vxorps,FUNCTION,vxorpsInstr,SSE/AVX Instruction,,,,,
vzeroall,FUNCTION,vzeroallInstr,SSE/AVX Instruction,,,,,
vzeroupper,FUNCTION,vzeroupperInstr,SSE/AVX Instruction,,,,,
xadd,FUNCTION,xaddInstr,Function description,XAddPInstr,BYTE,0x0F 0x0C1,BYTE,0x0F 0x0C0
xchg,FUNCTION,xchgInstr,Function description,xchgpInstr,,,,
xgetbv,FUNCTION,xgetbvInstr,SSE/AVX Instruction,,,,,
xlat,FUNCTION,xlatInstr,Function description,xlatpinstr,BYTE,0x0D7,,
xlatb,FUNCTION,xlatInstr,Function description,xlatpinstr,BYTE,0x0D7,,
xorpd,FUNCTION,xorpdInstr,SSE/AVX Instruction,SSE_R_RM_Instr_Double,BYTE,0x02 0x0F 0x57,,
xorps,FUNCTION,xorpsInstr,SSE/AVX Instruction,SSE_R_RM_Instr_Single,BYTE,0x02 0x0F 0x57,,
xrstor,FUNCTION,xrstorInstr,SSE/AVX Instruction,,,,,
xrstors,FUNCTION,xrstorsInstr,SSE/AVX Instruction,,,,,
xsave,FUNCTION,xsaveInstr,SSE/AVX Instruction,,,,,
xsavec,FUNCTION,xsavecInstr,SSE/AVX Instruction,,,,,
xsaveopt,FUNCTION,xsaveoptInstr,SSE/AVX Instruction,,,,,
xsaves,FUNCTION,xsavesInstr,SSE/AVX Instruction,,,,,
xsetbv,FUNCTION,xsetbvInstr,SSE/AVX Instruction,,,,,
ah,KEYWORD,Reg8,4,ah,,,,
al,KEYWORD,Reg8,0,al,,,,
ax,KEYWORD,Reg16,0,ax,,,,
basic,KEYWORD,Lang,1,Basic,,,,
bh,KEYWORD,Reg8,7,bh,,,,
bl,KEYWORD,Reg8,3,bl,,,,
bp,KEYWORD,Reg16,5,bp,,,,
bpl,KEYWORD,lmlowReg,5,bpl,,,,
bx,KEYWORD,Reg16,3,bx,,,,
byte,KEYWORD,datatype,1,byte,,,,
ch,KEYWORD,Reg8,5,ch,,,,
cl,KEYWORD,Reg8,1,cl,,,,
cr0,KEYWORD,CtrlReg,0,cr0,,,,
cr1,KEYWORD,CtrlReg,1,cr1,,,,
cr10,KEYWORD,CtrlReg64,2,,,,,
cr11,KEYWORD,CtrlReg64,3,,,,,
cr12,KEYWORD,CtrlReg64,4,,,,,
cr13,KEYWORD,CtrlReg64,5,,,,,
cr14,KEYWORD,CtrlReg64,6,,,,,
cr15,KEYWORD,CtrlReg64,7,,,,,
cr2,KEYWORD,CtrlReg,2,cr2,,,,
cr3,KEYWORD,CtrlReg,3,cr3,,,,
cr4,KEYWORD,CtrlReg,4,cr4,,,,
cr5,KEYWORD,CtrlReg,5,cr5,,,,
cr6,KEYWORD,CtrlReg,6,cr6,,,,
cr7,KEYWORD,CtrlReg,7,cr7,,,,
cr8,KEYWORD,CtrlReg64,0,cr8,,,,
cr9,KEYWORD,CtrlReg64,1,cr9,,,,
cs,KEYWORD,segReg,1,cs,,,,
cx,KEYWORD,Reg16,1,cx,,,,
def,KEYWORD,operator,1,def,,,,
dh,KEYWORD,Reg8,6,dh,,,,
di,KEYWORD,Reg16,7,di,,,,
dil,KEYWORD,lmlowReg,7,dil,,,,
dl,KEYWORD,Reg8,2,dl,,,,
dqword,KEYWORD,DataType,7,,,,,
dr0,KEYWORD,DbgReg,0,dr0,,,,
dr1,KEYWORD,DbgReg,1,dr1,,,,
dr10,KEYWORD,DbgReg64,2,,,,,
dr11,KEYWORD,DbgReg64,3,,,,,
dr12,KEYWORD,DbgReg64,4,,,,,
dr13,KEYWORD,DbgReg64,5,,,,,
dr14,KEYWORD,DbgReg64,6,,,,,
dr15,KEYWORD,DbgReg64,7,,,,,
dr2,KEYWORD,DbgReg,2,dr2,,,,
dr3,KEYWORD,DbgReg,3,dr3,,,,
dr4,KEYWORD,DbgReg,4,dr4,,,,
dr5,KEYWORD,DbgReg,5,dr5,,,,
dr6,KEYWORD,DbgReg,6,dr6,,,,
dr7,KEYWORD,DbgReg,7,dr7,,,,
dr8,KEYWORD,DbgReg64,0,dr8,,,,
dr9,KEYWORD,DbgReg64,1,dr9,,,,
ds,KEYWORD,segReg,3,ds,,,,
dword,KEYWORD,datatype,3,dword,,,,
dx,KEYWORD,Reg16,2,dx,,,,
eax,KEYWORD,Reg32,0,eax,,,,
ebp,KEYWORD,Reg32,5,ebp,,,,
ebx,KEYWORD,Reg32,3,ebx,,,,
ecx,KEYWORD,Reg32,1,ecx,,,,
edi,KEYWORD,Reg32,7,edi,,,,
edx,KEYWORD,Reg32,2,edx,,,,
eq,KEYWORD,operator,booleqop,eq =,,,,
es,KEYWORD,segReg,0,es,,,,
esi,KEYWORD,Reg32,6,esi,,,,
esp,KEYWORD,Reg32,4,esp,,,,
far,KEYWORD,distspec,3,far,,,,
fs,KEYWORD,segReg386,0,fs,,,,
fword,KEYWORD,datatype,4,fword,,,,
ge,KEYWORD,operator,geop,ge >=,,,,
gs,KEYWORD,segReg386,1,gs,,,,
gt,KEYWORD,operator,gtop,gt >,,,,
high,KEYWORD,operator,5,high,,,,
le,KEYWORD,operator,leop,le <=,,,,
low,KEYWORD,operator,2,low,,,,
lt,KEYWORD,operator,ltop,lt <,,,,
mm0,KEYWORD,mmxReg,0,mm0,,,,
mm1,KEYWORD,mmxReg,1,mm1,,,,
mm2,KEYWORD,mmxReg,2,mm2,,,,
mm3,KEYWORD,mmxReg,3,mm3,,,,
mm4,KEYWORD,mmxReg,4,mm4,,,,
mm5,KEYWORD,mmxReg,5,mm5,,,,
mm6,KEYWORD,mmxReg,6,mm6,,,,
mm7,KEYWORD,mmxReg,7,mm7,,,,
mod,KEYWORD,operator,modop,mod,,,,
ne,KEYWORD,operator,neop,ne !=,,,,
near,KEYWORD,distspec,2,near,,,,
none,KEYWORD,options,0,none,,,,
offset,KEYWORD,operator,AddOp,offset,,,,
oword,KEYWORD,datatype,7,oword,,,,
pascal,KEYWORD,Lang,1,pascal,,,,
private,KEYWORD,options,11,private,,,,
prolog,KEYWORD,Lang,2,prolog,,,,
ptr,KEYWORD,operator,SubOp,ptr,,,,
pword,KEYWORD,datatype,4,pword,,,,
qword,KEYWORD,datatype,5,qword,,,,
r10,KEYWORD,LMReg64,2,r10,,,,
r10b,KEYWORD,LMReg8,2,r10b,,,,
r10d,KEYWORD,LMReg32,2,r10d,,,,
r10w,KEYWORD,LMReg16,2,r10w,,,,
r11,KEYWORD,LMReg64,3,r11,,,,
r11b,KEYWORD,LMReg8,3,r11b,,,,
r11d,KEYWORD,LMReg32,3,r11d,,,,
r11w,KEYWORD,LMReg16,3,r11w,,,,
r12,KEYWORD,LMReg64,4,r12,,,,
r12b,KEYWORD,LMReg8,4,r12b,,,,
r12d,KEYWORD,LMReg32,4,r12d,,,,
r12w,KEYWORD,LMReg16,4,r12w,,,,
r13,KEYWORD,LMReg64,5,r13,,,,
r13b,KEYWORD,LMReg8,5,r13b,,,,
r13d,KEYWORD,LMReg32,5,r13d,,,,
r13w,KEYWORD,LMReg16,5,r13w,,,,
r14,KEYWORD,LMReg64,6,r14,,,,
r14b,KEYWORD,LMReg8,6,r14b,,,,
r14d,KEYWORD,LMReg32,6,r14d,,,,
r14w,KEYWORD,LMReg16,6,r14w,,,,
r15,KEYWORD,LMReg64,7,r15,,,,
r15b,KEYWORD,LMReg8,7,r15b,,,,
r15d,KEYWORD,LMReg32,7,r15d,,,,
r15w,KEYWORD,LMReg16,7,r15w,,,,
r8,KEYWORD,LMReg64,0,r8,,,,
r8b,KEYWORD,LMReg8,0,r8b,,,,
r8d,KEYWORD,LMReg32,0,r8d,,,,
r8w,KEYWORD,LMReg16,0,r8w,,,,
r9,KEYWORD,LMReg64,1,r9,,,,
r9b,KEYWORD,LMReg8,1,r9b,,,,
r9d,KEYWORD,LMReg32,1,r9d,,,,
r9w,KEYWORD,LMReg16,1,r9w,,,,
rax,KEYWORD,Reg64,0,rax,,,,
rbp,KEYWORD,Reg64,5,rbp,,,,
rbx,KEYWORD,Reg64,3,rbx,,,,
rcx,KEYWORD,Reg64,1,rcx,,,,
rdi,KEYWORD,Reg64,7,rdi,,,,
rdx,KEYWORD,Reg64,2,rdx,,,,
rsi,KEYWORD,Reg64,6,rsi,,,,
rsp,KEYWORD,Reg64,4,rsp,,,,
rva,KEYWORD,Operator,3,rva,,,,
seg,KEYWORD,operator,4,seg,,,,
short,KEYWORD,distspec,1,short,,,,
si,KEYWORD,Reg16,6,si,,,,
sil,KEYWORD,lmlowReg,6,sil,,,,
size,KEYWORD,Operator,6,size,,,,
sp,KEYWORD,Reg16,4,sp,,,,
spl,KEYWORD,lmlowReg,4,spl,,,,
ss,KEYWORD,segReg,2,ss,,,,
st,KEYWORD,FPUReg,0,st,,,,
st0,KEYWORD,FPUReg,0,st0,,,,
st1,KEYWORD,FPUReg,1,st1,,,,
st2,KEYWORD,FPUReg,2,st2,,,,
st3,KEYWORD,FPUReg,3,st3,,,,
st4,KEYWORD,FPUReg,4,st4,,,,
st5,KEYWORD,FPUReg,5,st5,,,,
st6,KEYWORD,FPUReg,6,st6,,,,
st7,KEYWORD,FPUReg,7,st7,,,,
stdcall,KEYWORD,Lang,3,StdCall,,,,
strlcase,KEYWORD,operator,10,strlcase,,,,
strleft,KEYWORD,operator,13,strleft,,,,
strmid,KEYWORD,operator,12,strmid,,,,
strright,KEYWORD,operator,15,strright,,,,
strscan,KEYWORD,operator,14,strscan,,,,
strucase,KEYWORD,operator,11,strucase,,,,
tbyte,KEYWORD,datatype,6,tbyte,,,,
tr0,KEYWORD,TestReg,0,tr0,,,,
tr1,KEYWORD,TestReg,1,tr1,,,,
tr2,KEYWORD,TestReg,2,tr2,,,,
tr3,KEYWORD,TestReg,3,tr3,,,,
tr4,KEYWORD,TestReg,4,tr4,,,,
tr5,KEYWORD,TestReg,5,tr5,,,,
tr6,KEYWORD,TestReg,6,tr6,,,,
tr7,KEYWORD,TestReg,7,tr7,,,,
tword,KEYWORD,datatype,6,tword,,,,
type,KEYWORD,Operator,7,type,,,,
uses,KEYWORD,options,12,uses,,,,
word,KEYWORD,datatype,2,word,,,,
xmm0,KEYWORD,sseReg,0,xmm0,,,,
xmm1,KEYWORD,sseReg,1,xmm1,,,,
xmm10,KEYWORD,sseReg,10,xmm10,,,,
xmm11,KEYWORD,sseReg,11,xmm11,,,,
xmm12,KEYWORD,sseReg,12,xmm12,,,,
xmm13,KEYWORD,sseReg,13,xmm13,,,,
xmm14,KEYWORD,sseReg,14,xmm14,,,,
xmm15,KEYWORD,sseReg,15,xmm15,,,,
xmm16,KEYWORD,sseReg,16,xmm16,,,,
xmm17,KEYWORD,sseReg,17,xmm17,,,,
xmm18,KEYWORD,sseReg,18,xmm18,,,,
xmm19,KEYWORD,sseReg,19,xmm19,,,,
xmm2,KEYWORD,sseReg,2,xmm2,,,,
xmm20,KEYWORD,sseReg,20,xmm20,,,,
xmm21,KEYWORD,sseReg,21,xmm21,,,,
xmm22,KEYWORD,sseReg,22,xmm22,,,,
xmm23,KEYWORD,sseReg,23,xmm23,,,,
xmm24,KEYWORD,sseReg,24,xmm24,,,,
xmm25,KEYWORD,sseReg,25,xmm25,,,,
xmm26,KEYWORD,sseReg,26,xmm26,,,,
xmm27,KEYWORD,sseReg,27,xmm27,,,,
xmm28,KEYWORD,sseReg,28,xmm28,,,,
xmm29,KEYWORD,sseReg,29,xmm29,,,,
xmm3,KEYWORD,sseReg,3,xmm3,,,,
xmm30,KEYWORD,sseReg,30,xmm30,,,,
xmm31,KEYWORD,sseReg,31,xmm31,,,,
xmm4,KEYWORD,sseReg,4,xmm4,,,,
xmm5,KEYWORD,sseReg,5,xmm5,,,,
xmm6,KEYWORD,sseReg,6,xmm6,,,,
xmm7,KEYWORD,sseReg,7,xmm7,,,,
xmm8,KEYWORD,sseReg,8,xmm8,,,,
xmm9,KEYWORD,sseReg,9,xmm9,,,,
ymm0,KEYWORD,avxReg,0,ymm0,,,,
ymm1,KEYWORD,avxReg,1,ymm1,,,,
ymm10,KEYWORD,avxReg,10,ymm10,,,,
ymm11,KEYWORD,avxReg,11,ymm11,,,,
ymm12,KEYWORD,avxReg,12,ymm12,,,,
ymm13,KEYWORD,avxReg,13,ymm13,,,,
ymm14,KEYWORD,avxReg,14,ymm14,,,,
ymm15,KEYWORD,avxReg,15,ymm15,,,,
ymm16,KEYWORD,avxReg,16,ymm16,,,,
ymm17,KEYWORD,avxReg,17,ymm17,,,,
ymm18,KEYWORD,avxReg,18,ymm18,,,,
ymm19,KEYWORD,avxReg,19,ymm19,,,,
ymm2,KEYWORD,avxReg,2,ymm2,,,,
ymm20,KEYWORD,avxReg,20,ymm20,,,,
ymm21,KEYWORD,avxReg,21,ymm21,,,,
ymm22,KEYWORD,avxReg,22,ymm22,,,,
ymm23,KEYWORD,avxReg,23,ymm23,,,,
ymm24,KEYWORD,avxReg,24,ymm24,,,,
ymm25,KEYWORD,avxReg,25,ymm25,,,,
ymm26,KEYWORD,avxReg,26,ymm26,,,,
ymm27,KEYWORD,avxReg,27,ymm27,,,,
ymm28,KEYWORD,avxReg,28,ymm28,,,,
ymm29,KEYWORD,avxReg,29,ymm29,,,,
ymm3,KEYWORD,avxReg,3,ymm3,,,,
ymm30,KEYWORD,avxReg,30,ymm30,,,,
ymm31,KEYWORD,avxReg,31,ymm31,,,,
ymm4,KEYWORD,avxReg,4,ymm4,,,,
ymm5,KEYWORD,avxReg,5,ymm5,,,,
ymm6,KEYWORD,avxReg,6,ymm6,,,,
ymm7,KEYWORD,avxReg,7,ymm7,,,,
ymm8,KEYWORD,avxReg,8,ymm8,,,,
ymm9,KEYWORD,avxReg,9,ymm9,,,,
zmm0,KEYWORD,avx512Reg,0,zmm0,,,,
zmm1,KEYWORD,avx512Reg,1,zmm1,,,,
zmm10,KEYWORD,avx512Reg,10,zmm10,,,,
zmm11,KEYWORD,avx512Reg,11,zmm11,,,,
zmm12,KEYWORD,avx512Reg,12,zmm12,,,,
zmm13,KEYWORD,avx512Reg,13,zmm13,,,,
zmm14,KEYWORD,avx512Reg,14,zmm14,,,,
zmm15,KEYWORD,avx512Reg,15,zmm15,,,,
zmm16,KEYWORD,avx512Reg,16,zmm16,,,,
zmm17,KEYWORD,avx512Reg,17,zmm17,,,,
zmm18,KEYWORD,avx512Reg,18,zmm18,,,,
zmm19,KEYWORD,avx512Reg,19,zmm19,,,,
zmm2,KEYWORD,avx512Reg,2,zmm2,,,,
zmm20,KEYWORD,avx512Reg,20,zmm20,,,,
zmm21,KEYWORD,avx512Reg,21,zmm21,,,,
zmm22,KEYWORD,avx512Reg,22,zmm22,,,,
zmm23,KEYWORD,avx512Reg,23,zmm23,,,,
zmm24,KEYWORD,avx512Reg,24,zmm24,,,,
zmm25,KEYWORD,avx512Reg,25,zmm25,,,,
zmm26,KEYWORD,avx512Reg,26,zmm26,,,,
zmm27,KEYWORD,avx512Reg,27,zmm27,,,,
zmm28,KEYWORD,avx512Reg,28,zmm28,,,,
zmm29,KEYWORD,avx512Reg,29,zmm29,,,,
zmm3,KEYWORD,avx512Reg,3,zmm3,,,,
zmm30,KEYWORD,avx512Reg,30,zmm30,,,,
zmm31,KEYWORD,avx512Reg,31,zmm31,,,,
zmm4,KEYWORD,avx512Reg,4,zmm4,,,,
zmm5,KEYWORD,avx512Reg,5,zmm5,,,,
zmm6,KEYWORD,avx512Reg,6,zmm6,,,,
zmm7,KEYWORD,avx512Reg,7,zmm7,,,,
zmm8,KEYWORD,avx512Reg,8,zmm8,,,,
zmm9,KEYWORD,avx512Reg,9,zmm9,,,,
